<metadata xml:lang="en"><Esri><CreaDate>20220307</CreaDate><CreaTime>21270100</CreaTime><ArcGISFormat>1.0</ArcGISFormat><SyncOnce>FALSE</SyncOnce><DataProperties><lineage><Process ToolSource="c:\program files\arcgis\pro\Resources\ArcToolbox\toolboxes\Data Management Tools.tbx\CreateFeatureclass" Date="20220307" Time="145726">CreateFeatureclass C:\ArcGIS_projects\Hydrology\arcgis_pro_GWIC_data_updates\GWIC_data_updates.gdb GWIC_wells_NAD27 Point GWIC_wells_table_View No No "GEOGCS["GCS_North_American_1927",DATUM["D_North_American_1927",SPHEROID["Clarke_1866",6378206.4,294.9786982]],PRIMEM["Greenwich",0.0],UNIT["Degree",0.0174532925199433]];-400 -400 1000000000;-100000 10000;-100000 10000;8.98305509728916E-09;0.001;0.001;IsHighPrecision" # 0 0 0 #</Process><Process Name="XY Table To Point" ToolSource="c:\program files\arcgis\pro\Resources\ArcToolbox\toolboxes\Data Management Tools.tbx\XYTableToPoint" Date="20220307" Time="145728">XYTableToPoint GWIC_wells_table_View C:\ArcGIS_projects\Hydrology\arcgis_pro_GWIC_data_updates\GWIC_data_updates.gdb\GWIC_wells_NAD27 longitude latitude # "GEOGCS["GCS_North_American_1927",DATUM["D_North_American_1927",SPHEROID["Clarke_1866",6378206.4,294.9786982]],PRIMEM["Greenwich",0.0],UNIT["Degree",0.0174532925199433]];-400 -400 1000000000;-100000 10000;-100000 10000;8.98305509728916E-09;0.001;0.001;IsHighPrecision"</Process><Process Name="Project" ToolSource="c:\program files\arcgis\pro\Resources\ArcToolbox\toolboxes\Data Management Tools.tbx\Project" Date="20220307" Time="150006">Project C:\ArcGIS_projects\Hydrology\arcgis_pro_GWIC_data_updates\GWIC_data_updates.gdb\GWIC_wells_NAD27 C:\ArcGIS_projects\Hydrology\arcgis_pro_GWIC_data_updates\GWIC_data_updates.gdb\GWIC_wells_NAD27_Project PROJCS["WGS_1984_Web_Mercator_Auxiliary_Sphere",GEOGCS["GCS_WGS_1984",DATUM["D_WGS_1984",SPHEROID["WGS_1984",6378137.0,298.257223563]],PRIMEM["Greenwich",0.0],UNIT["Degree",0.0174532925199433]],PROJECTION["Mercator_Auxiliary_Sphere"],PARAMETER["False_Easting",0.0],PARAMETER["False_Northing",0.0],PARAMETER["Central_Meridian",0.0],PARAMETER["Standard_Parallel_1",0.0],PARAMETER["Auxiliary_Sphere_Type",0.0],UNIT["Meter",1.0]] NAD_1927_To_WGS_1984_6 GEOGCS["GCS_North_American_1927",DATUM["D_North_American_1927",SPHEROID["Clarke_1866",6378206.4,294.9786982]],PRIMEM["Greenwich",0.0],UNIT["Degree",0.0174532925199433]] NO_PRESERVE_SHAPE # NO_VERTICAL</Process><Process Name="Merge" ToolSource="c:\program files\arcgis\pro\Resources\ArcToolbox\toolboxes\Data Management Tools.tbx\Merge" Date="20220307" Time="150317">Merge C:\ArcGIS_projects\Hydrology\arcgis_pro_GWIC_data_updates\GWIC_data_updates.gdb\GWIC_wells_NAD27_Project;C:\ArcGIS_projects\Hydrology\arcgis_pro_GWIC_data_updates\GWIC_data_updates.gdb\GWIC_wells_NAD83_Project;C:\ArcGIS_projects\Hydrology\arcgis_pro_GWIC_data_updates\GWIC_data_updates.gdb\GWIC_wells_WGS84_Project C:\ArcGIS_projects\Hydrology\arcgis_pro_GWIC_data_updates\GWIC_data_updates.gdb\GWIC_all_wells_WMAS "gwicid "gwicid" true false false 4 Long 0 0,First,#,C:\ArcGIS_projects\Hydrology\arcgis_pro_GWIC_data_updates\GWIC_data_updates.gdb\GWIC_wells_NAD27_Project,gwicid,-1,-1,C:\ArcGIS_projects\Hydrology\arcgis_pro_GWIC_data_updates\GWIC_data_updates.gdb\GWIC_wells_NAD83_Project,gwicid,-1,-1,C:\ArcGIS_projects\Hydrology\arcgis_pro_GWIC_data_updates\GWIC_data_updates.gdb\GWIC_wells_WGS84_Project,gwicid,-1,-1;site_name "site_name" true true false 255 Text 0 0,First,#,C:\ArcGIS_projects\Hydrology\arcgis_pro_GWIC_data_updates\GWIC_data_updates.gdb\GWIC_wells_NAD27_Project,site_name,0,255,C:\ArcGIS_projects\Hydrology\arcgis_pro_GWIC_data_updates\GWIC_data_updates.gdb\GWIC_wells_NAD83_Project,site_name,0,255,C:\ArcGIS_projects\Hydrology\arcgis_pro_GWIC_data_updates\GWIC_data_updates.gdb\GWIC_wells_WGS84_Project,site_name,0,255;latitude "latitude" true true false 8 Double 0 0,First,#,C:\ArcGIS_projects\Hydrology\arcgis_pro_GWIC_data_updates\GWIC_data_updates.gdb\GWIC_wells_NAD27_Project,latitude,-1,-1,C:\ArcGIS_projects\Hydrology\arcgis_pro_GWIC_data_updates\GWIC_data_updates.gdb\GWIC_wells_NAD83_Project,latitude,-1,-1,C:\ArcGIS_projects\Hydrology\arcgis_pro_GWIC_data_updates\GWIC_data_updates.gdb\GWIC_wells_WGS84_Project,latitude,-1,-1;longitude "longitude" true true false 8 Double 0 0,First,#,C:\ArcGIS_projects\Hydrology\arcgis_pro_GWIC_data_updates\GWIC_data_updates.gdb\GWIC_wells_NAD27_Project,longitude,-1,-1,C:\ArcGIS_projects\Hydrology\arcgis_pro_GWIC_data_updates\GWIC_data_updates.gdb\GWIC_wells_NAD83_Project,longitude,-1,-1,C:\ArcGIS_projects\Hydrology\arcgis_pro_GWIC_data_updates\GWIC_data_updates.gdb\GWIC_wells_WGS84_Project,longitude,-1,-1;geomethod "geomethod" true true false 50 Text 0 0,First,#,C:\ArcGIS_projects\Hydrology\arcgis_pro_GWIC_data_updates\GWIC_data_updates.gdb\GWIC_wells_NAD27_Project,geomethod,0,50,C:\ArcGIS_projects\Hydrology\arcgis_pro_GWIC_data_updates\GWIC_data_updates.gdb\GWIC_wells_NAD83_Project,geomethod,0,50,C:\ArcGIS_projects\Hydrology\arcgis_pro_GWIC_data_updates\GWIC_data_updates.gdb\GWIC_wells_WGS84_Project,geomethod,0,50;datum_latlon "datum_latlon" true true false 50 Text 0 0,First,#,C:\ArcGIS_projects\Hydrology\arcgis_pro_GWIC_data_updates\GWIC_data_updates.gdb\GWIC_wells_NAD27_Project,datum_latlon,0,50,C:\ArcGIS_projects\Hydrology\arcgis_pro_GWIC_data_updates\GWIC_data_updates.gdb\GWIC_wells_NAD83_Project,datum_latlon,0,50,C:\ArcGIS_projects\Hydrology\arcgis_pro_GWIC_data_updates\GWIC_data_updates.gdb\GWIC_wells_WGS84_Project,datum_latlon,0,50;date_latlon "date_latlon" true true false 8 Date 0 0,First,#,C:\ArcGIS_projects\Hydrology\arcgis_pro_GWIC_data_updates\GWIC_data_updates.gdb\GWIC_wells_NAD27_Project,date_latlon,-1,-1,C:\ArcGIS_projects\Hydrology\arcgis_pro_GWIC_data_updates\GWIC_data_updates.gdb\GWIC_wells_NAD83_Project,date_latlon,-1,-1,C:\ArcGIS_projects\Hydrology\arcgis_pro_GWIC_data_updates\GWIC_data_updates.gdb\GWIC_wells_WGS84_Project,date_latlon,-1,-1;altitude "altitude" true true false 8 Double 0 0,First,#,C:\ArcGIS_projects\Hydrology\arcgis_pro_GWIC_data_updates\GWIC_data_updates.gdb\GWIC_wells_NAD27_Project,altitude,-1,-1,C:\ArcGIS_projects\Hydrology\arcgis_pro_GWIC_data_updates\GWIC_data_updates.gdb\GWIC_wells_NAD83_Project,altitude,-1,-1,C:\ArcGIS_projects\Hydrology\arcgis_pro_GWIC_data_updates\GWIC_data_updates.gdb\GWIC_wells_WGS84_Project,altitude,-1,-1;method_altitude "method_altitude" true true false 50 Text 0 0,First,#,C:\ArcGIS_projects\Hydrology\arcgis_pro_GWIC_data_updates\GWIC_data_updates.gdb\GWIC_wells_NAD27_Project,method_altitude,0,50,C:\ArcGIS_projects\Hydrology\arcgis_pro_GWIC_data_updates\GWIC_data_updates.gdb\GWIC_wells_NAD83_Project,method_altitude,0,50,C:\ArcGIS_projects\Hydrology\arcgis_pro_GWIC_data_updates\GWIC_data_updates.gdb\GWIC_wells_WGS84_Project,method_altitude,0,50;datum_altitude "datum_altitude" true true false 50 Text 0 0,First,#,C:\ArcGIS_projects\Hydrology\arcgis_pro_GWIC_data_updates\GWIC_data_updates.gdb\GWIC_wells_NAD27_Project,datum_altitude,0,50,C:\ArcGIS_projects\Hydrology\arcgis_pro_GWIC_data_updates\GWIC_data_updates.gdb\GWIC_wells_NAD83_Project,datum_altitude,0,50,C:\ArcGIS_projects\Hydrology\arcgis_pro_GWIC_data_updates\GWIC_data_updates.gdb\GWIC_wells_WGS84_Project,datum_altitude,0,50;date_altitude "date_altitude" true true false 8 Date 0 0,First,#,C:\ArcGIS_projects\Hydrology\arcgis_pro_GWIC_data_updates\GWIC_data_updates.gdb\GWIC_wells_NAD27_Project,date_altitude,-1,-1,C:\ArcGIS_projects\Hydrology\arcgis_pro_GWIC_data_updates\GWIC_data_updates.gdb\GWIC_wells_NAD83_Project,date_altitude,-1,-1,C:\ArcGIS_projects\Hydrology\arcgis_pro_GWIC_data_updates\GWIC_data_updates.gdb\GWIC_wells_WGS84_Project,date_altitude,-1,-1;township "township" true true false 8 Text 0 0,First,#,C:\ArcGIS_projects\Hydrology\arcgis_pro_GWIC_data_updates\GWIC_data_updates.gdb\GWIC_wells_NAD27_Project,township,0,8,C:\ArcGIS_projects\Hydrology\arcgis_pro_GWIC_data_updates\GWIC_data_updates.gdb\GWIC_wells_NAD83_Project,township,0,8,C:\ArcGIS_projects\Hydrology\arcgis_pro_GWIC_data_updates\GWIC_data_updates.gdb\GWIC_wells_WGS84_Project,township,0,8;range "range" true true false 8 Text 0 0,First,#,C:\ArcGIS_projects\Hydrology\arcgis_pro_GWIC_data_updates\GWIC_data_updates.gdb\GWIC_wells_NAD27_Project,range,0,8,C:\ArcGIS_projects\Hydrology\arcgis_pro_GWIC_data_updates\GWIC_data_updates.gdb\GWIC_wells_NAD83_Project,range,0,8,C:\ArcGIS_projects\Hydrology\arcgis_pro_GWIC_data_updates\GWIC_data_updates.gdb\GWIC_wells_WGS84_Project,range,0,8;section "section" true true false 2 Short 0 0,First,#,C:\ArcGIS_projects\Hydrology\arcgis_pro_GWIC_data_updates\GWIC_data_updates.gdb\GWIC_wells_NAD27_Project,section,-1,-1,C:\ArcGIS_projects\Hydrology\arcgis_pro_GWIC_data_updates\GWIC_data_updates.gdb\GWIC_wells_NAD83_Project,section,-1,-1,C:\ArcGIS_projects\Hydrology\arcgis_pro_GWIC_data_updates\GWIC_data_updates.gdb\GWIC_wells_WGS84_Project,section,-1,-1;qsection "qsection" true true false 10 Text 0 0,First,#,C:\ArcGIS_projects\Hydrology\arcgis_pro_GWIC_data_updates\GWIC_data_updates.gdb\GWIC_wells_NAD27_Project,qsection,0,10,C:\ArcGIS_projects\Hydrology\arcgis_pro_GWIC_data_updates\GWIC_data_updates.gdb\GWIC_wells_NAD83_Project,qsection,0,10,C:\ArcGIS_projects\Hydrology\arcgis_pro_GWIC_data_updates\GWIC_data_updates.gdb\GWIC_wells_WGS84_Project,qsection,0,10;county "county" true true false 50 Text 0 0,First,#,C:\ArcGIS_projects\Hydrology\arcgis_pro_GWIC_data_updates\GWIC_data_updates.gdb\GWIC_wells_NAD27_Project,county,0,50,C:\ArcGIS_projects\Hydrology\arcgis_pro_GWIC_data_updates\GWIC_data_updates.gdb\GWIC_wells_NAD83_Project,county,0,50,C:\ArcGIS_projects\Hydrology\arcgis_pro_GWIC_data_updates\GWIC_data_updates.gdb\GWIC_wells_WGS84_Project,county,0,50;state "state" true true false 50 Text 0 0,First,#,C:\ArcGIS_projects\Hydrology\arcgis_pro_GWIC_data_updates\GWIC_data_updates.gdb\GWIC_wells_NAD27_Project,state,0,50,C:\ArcGIS_projects\Hydrology\arcgis_pro_GWIC_data_updates\GWIC_data_updates.gdb\GWIC_wells_NAD83_Project,state,0,50,C:\ArcGIS_projects\Hydrology\arcgis_pro_GWIC_data_updates\GWIC_data_updates.gdb\GWIC_wells_WGS84_Project,state,0,50;drainage_basin "drainage_basin" true true false 50 Text 0 0,First,#,C:\ArcGIS_projects\Hydrology\arcgis_pro_GWIC_data_updates\GWIC_data_updates.gdb\GWIC_wells_NAD27_Project,drainage_basin,0,50,C:\ArcGIS_projects\Hydrology\arcgis_pro_GWIC_data_updates\GWIC_data_updates.gdb\GWIC_wells_NAD83_Project,drainage_basin,0,50,C:\ArcGIS_projects\Hydrology\arcgis_pro_GWIC_data_updates\GWIC_data_updates.gdb\GWIC_wells_WGS84_Project,drainage_basin,0,50;addition_subdivision "addition_subdivision" true true false 100 Text 0 0,First,#,C:\ArcGIS_projects\Hydrology\arcgis_pro_GWIC_data_updates\GWIC_data_updates.gdb\GWIC_wells_NAD27_Project,addition_subdivision,0,100,C:\ArcGIS_projects\Hydrology\arcgis_pro_GWIC_data_updates\GWIC_data_updates.gdb\GWIC_wells_NAD83_Project,addition_subdivision,0,100,C:\ArcGIS_projects\Hydrology\arcgis_pro_GWIC_data_updates\GWIC_data_updates.gdb\GWIC_wells_WGS84_Project,addition_subdivision,0,100;block "block" true true false 50 Text 0 0,First,#,C:\ArcGIS_projects\Hydrology\arcgis_pro_GWIC_data_updates\GWIC_data_updates.gdb\GWIC_wells_NAD27_Project,block,0,50,C:\ArcGIS_projects\Hydrology\arcgis_pro_GWIC_data_updates\GWIC_data_updates.gdb\GWIC_wells_NAD83_Project,block,0,50,C:\ArcGIS_projects\Hydrology\arcgis_pro_GWIC_data_updates\GWIC_data_updates.gdb\GWIC_wells_WGS84_Project,block,0,50;lot "lot" true true false 50 Text 0 0,First,#,C:\ArcGIS_projects\Hydrology\arcgis_pro_GWIC_data_updates\GWIC_data_updates.gdb\GWIC_wells_NAD27_Project,lot,0,50,C:\ArcGIS_projects\Hydrology\arcgis_pro_GWIC_data_updates\GWIC_data_updates.gdb\GWIC_wells_NAD83_Project,lot,0,50,C:\ArcGIS_projects\Hydrology\arcgis_pro_GWIC_data_updates\GWIC_data_updates.gdb\GWIC_wells_WGS84_Project,lot,0,50;certofsurvey "certofsurvey" true true false 50 Text 0 0,First,#,C:\ArcGIS_projects\Hydrology\arcgis_pro_GWIC_data_updates\GWIC_data_updates.gdb\GWIC_wells_NAD27_Project,certofsurvey,0,50,C:\ArcGIS_projects\Hydrology\arcgis_pro_GWIC_data_updates\GWIC_data_updates.gdb\GWIC_wells_NAD83_Project,certofsurvey,0,50,C:\ArcGIS_projects\Hydrology\arcgis_pro_GWIC_data_updates\GWIC_data_updates.gdb\GWIC_wells_WGS84_Project,certofsurvey,0,50;parcel "parcel" true true false 50 Text 0 0,First,#,C:\ArcGIS_projects\Hydrology\arcgis_pro_GWIC_data_updates\GWIC_data_updates.gdb\GWIC_wells_NAD27_Project,parcel,0,50,C:\ArcGIS_projects\Hydrology\arcgis_pro_GWIC_data_updates\GWIC_data_updates.gdb\GWIC_wells_NAD83_Project,parcel,0,50,C:\ArcGIS_projects\Hydrology\arcgis_pro_GWIC_data_updates\GWIC_data_updates.gdb\GWIC_wells_WGS84_Project,parcel,0,50;assessortract "assessortract" true true false 50 Text 0 0,First,#,C:\ArcGIS_projects\Hydrology\arcgis_pro_GWIC_data_updates\GWIC_data_updates.gdb\GWIC_wells_NAD27_Project,assessortract,0,50,C:\ArcGIS_projects\Hydrology\arcgis_pro_GWIC_data_updates\GWIC_data_updates.gdb\GWIC_wells_NAD83_Project,assessortract,0,50,C:\ArcGIS_projects\Hydrology\arcgis_pro_GWIC_data_updates\GWIC_data_updates.gdb\GWIC_wells_WGS84_Project,assessortract,0,50;geocode "geocode" true true false 50 Text 0 0,First,#,C:\ArcGIS_projects\Hydrology\arcgis_pro_GWIC_data_updates\GWIC_data_updates.gdb\GWIC_wells_NAD27_Project,geocode,0,50,C:\ArcGIS_projects\Hydrology\arcgis_pro_GWIC_data_updates\GWIC_data_updates.gdb\GWIC_wells_NAD83_Project,geocode,0,50,C:\ArcGIS_projects\Hydrology\arcgis_pro_GWIC_data_updates\GWIC_data_updates.gdb\GWIC_wells_WGS84_Project,geocode,0,50;site_type "site_type" true true false 50 Text 0 0,First,#,C:\ArcGIS_projects\Hydrology\arcgis_pro_GWIC_data_updates\GWIC_data_updates.gdb\GWIC_wells_NAD27_Project,site_type,0,50,C:\ArcGIS_projects\Hydrology\arcgis_pro_GWIC_data_updates\GWIC_data_updates.gdb\GWIC_wells_NAD83_Project,site_type,0,50,C:\ArcGIS_projects\Hydrology\arcgis_pro_GWIC_data_updates\GWIC_data_updates.gdb\GWIC_wells_WGS84_Project,site_type,0,50;total_depth "total_depth" true true false 8 Double 0 0,First,#,C:\ArcGIS_projects\Hydrology\arcgis_pro_GWIC_data_updates\GWIC_data_updates.gdb\GWIC_wells_NAD27_Project,total_depth,-1,-1,C:\ArcGIS_projects\Hydrology\arcgis_pro_GWIC_data_updates\GWIC_data_updates.gdb\GWIC_wells_NAD83_Project,total_depth,-1,-1,C:\ArcGIS_projects\Hydrology\arcgis_pro_GWIC_data_updates\GWIC_data_updates.gdb\GWIC_wells_WGS84_Project,total_depth,-1,-1;swl "swl" true true false 8 Double 0 0,First,#,C:\ArcGIS_projects\Hydrology\arcgis_pro_GWIC_data_updates\GWIC_data_updates.gdb\GWIC_wells_NAD27_Project,swl,-1,-1,C:\ArcGIS_projects\Hydrology\arcgis_pro_GWIC_data_updates\GWIC_data_updates.gdb\GWIC_wells_NAD83_Project,swl,-1,-1,C:\ArcGIS_projects\Hydrology\arcgis_pro_GWIC_data_updates\GWIC_data_updates.gdb\GWIC_wells_WGS84_Project,swl,-1,-1;date_completed "date_completed" true true false 8 Date 0 0,First,#,C:\ArcGIS_projects\Hydrology\arcgis_pro_GWIC_data_updates\GWIC_data_updates.gdb\GWIC_wells_NAD27_Project,date_completed,-1,-1,C:\ArcGIS_projects\Hydrology\arcgis_pro_GWIC_data_updates\GWIC_data_updates.gdb\GWIC_wells_NAD83_Project,date_completed,-1,-1,C:\ArcGIS_projects\Hydrology\arcgis_pro_GWIC_data_updates\GWIC_data_updates.gdb\GWIC_wells_WGS84_Project,date_completed,-1,-1;how_drilled "how_drilled" true true false 50 Text 0 0,First,#,C:\ArcGIS_projects\Hydrology\arcgis_pro_GWIC_data_updates\GWIC_data_updates.gdb\GWIC_wells_NAD27_Project,how_drilled,0,50,C:\ArcGIS_projects\Hydrology\arcgis_pro_GWIC_data_updates\GWIC_data_updates.gdb\GWIC_wells_NAD83_Project,how_drilled,0,50,C:\ArcGIS_projects\Hydrology\arcgis_pro_GWIC_data_updates\GWIC_data_updates.gdb\GWIC_wells_WGS84_Project,how_drilled,0,50;drilling_company "drilling_company" true true false 100 Text 0 0,First,#,C:\ArcGIS_projects\Hydrology\arcgis_pro_GWIC_data_updates\GWIC_data_updates.gdb\GWIC_wells_NAD27_Project,drilling_company,0,100,C:\ArcGIS_projects\Hydrology\arcgis_pro_GWIC_data_updates\GWIC_data_updates.gdb\GWIC_wells_NAD83_Project,drilling_company,0,100,C:\ArcGIS_projects\Hydrology\arcgis_pro_GWIC_data_updates\GWIC_data_updates.gdb\GWIC_wells_WGS84_Project,drilling_company,0,100;driller_name "driller_name" true true false 50 Text 0 0,First,#,C:\ArcGIS_projects\Hydrology\arcgis_pro_GWIC_data_updates\GWIC_data_updates.gdb\GWIC_wells_NAD27_Project,driller_name,0,50,C:\ArcGIS_projects\Hydrology\arcgis_pro_GWIC_data_updates\GWIC_data_updates.gdb\GWIC_wells_NAD83_Project,driller_name,0,50,C:\ArcGIS_projects\Hydrology\arcgis_pro_GWIC_data_updates\GWIC_data_updates.gdb\GWIC_wells_WGS84_Project,driller_name,0,50;driller_licensetype "driller_licensetype" true true false 50 Text 0 0,First,#,C:\ArcGIS_projects\Hydrology\arcgis_pro_GWIC_data_updates\GWIC_data_updates.gdb\GWIC_wells_NAD27_Project,driller_licensetype,0,50,C:\ArcGIS_projects\Hydrology\arcgis_pro_GWIC_data_updates\GWIC_data_updates.gdb\GWIC_wells_NAD83_Project,driller_licensetype,0,50,C:\ArcGIS_projects\Hydrology\arcgis_pro_GWIC_data_updates\GWIC_data_updates.gdb\GWIC_wells_WGS84_Project,driller_licensetype,0,50;driller_licensenumber "driller_licensenumber" true true false 4 Long 0 0,First,#,C:\ArcGIS_projects\Hydrology\arcgis_pro_GWIC_data_updates\GWIC_data_updates.gdb\GWIC_wells_NAD27_Project,driller_licensenumber,-1,-1,C:\ArcGIS_projects\Hydrology\arcgis_pro_GWIC_data_updates\GWIC_data_updates.gdb\GWIC_wells_NAD83_Project,driller_licensenumber,-1,-1,C:\ArcGIS_projects\Hydrology\arcgis_pro_GWIC_data_updates\GWIC_data_updates.gdb\GWIC_wells_WGS84_Project,driller_licensenumber,-1,-1;driller_filenumber "driller_filenumber" true true false 50 Text 0 0,First,#,C:\ArcGIS_projects\Hydrology\arcgis_pro_GWIC_data_updates\GWIC_data_updates.gdb\GWIC_wells_NAD27_Project,driller_filenumber,0,50,C:\ArcGIS_projects\Hydrology\arcgis_pro_GWIC_data_updates\GWIC_data_updates.gdb\GWIC_wells_NAD83_Project,driller_filenumber,0,50,C:\ArcGIS_projects\Hydrology\arcgis_pro_GWIC_data_updates\GWIC_data_updates.gdb\GWIC_wells_WGS84_Project,driller_filenumber,0,50;verified_tag "verified_tag" true true false 50 Text 0 0,First,#,C:\ArcGIS_projects\Hydrology\arcgis_pro_GWIC_data_updates\GWIC_data_updates.gdb\GWIC_wells_NAD27_Project,verified_tag,0,50,C:\ArcGIS_projects\Hydrology\arcgis_pro_GWIC_data_updates\GWIC_data_updates.gdb\GWIC_wells_NAD83_Project,verified_tag,0,50,C:\ArcGIS_projects\Hydrology\arcgis_pro_GWIC_data_updates\GWIC_data_updates.gdb\GWIC_wells_WGS84_Project,verified_tag,0,50;abandoned_flag "abandoned_flag" true true false 50 Text 0 0,First,#,C:\ArcGIS_projects\Hydrology\arcgis_pro_GWIC_data_updates\GWIC_data_updates.gdb\GWIC_wells_NAD27_Project,abandoned_flag,0,50,C:\ArcGIS_projects\Hydrology\arcgis_pro_GWIC_data_updates\GWIC_data_updates.gdb\GWIC_wells_NAD83_Project,abandoned_flag,0,50,C:\ArcGIS_projects\Hydrology\arcgis_pro_GWIC_data_updates\GWIC_data_updates.gdb\GWIC_wells_WGS84_Project,abandoned_flag,0,50;date_abandoned "date_abandoned" true true false 8 Date 0 0,First,#,C:\ArcGIS_projects\Hydrology\arcgis_pro_GWIC_data_updates\GWIC_data_updates.gdb\GWIC_wells_NAD27_Project,date_abandoned,-1,-1,C:\ArcGIS_projects\Hydrology\arcgis_pro_GWIC_data_updates\GWIC_data_updates.gdb\GWIC_wells_NAD83_Project,date_abandoned,-1,-1,C:\ArcGIS_projects\Hydrology\arcgis_pro_GWIC_data_updates\GWIC_data_updates.gdb\GWIC_wells_WGS84_Project,date_abandoned,-1,-1;status "status" true true false 50 Text 0 0,First,#,C:\ArcGIS_projects\Hydrology\arcgis_pro_GWIC_data_updates\GWIC_data_updates.gdb\GWIC_wells_NAD27_Project,status,0,50,C:\ArcGIS_projects\Hydrology\arcgis_pro_GWIC_data_updates\GWIC_data_updates.gdb\GWIC_wells_NAD83_Project,status,0,50,C:\ArcGIS_projects\Hydrology\arcgis_pro_GWIC_data_updates\GWIC_data_updates.gdb\GWIC_wells_WGS84_Project,status,0,50;flowing "flowing" true true false 50 Text 0 0,First,#,C:\ArcGIS_projects\Hydrology\arcgis_pro_GWIC_data_updates\GWIC_data_updates.gdb\GWIC_wells_NAD27_Project,flowing,0,50,C:\ArcGIS_projects\Hydrology\arcgis_pro_GWIC_data_updates\GWIC_data_updates.gdb\GWIC_wells_NAD83_Project,flowing,0,50,C:\ArcGIS_projects\Hydrology\arcgis_pro_GWIC_data_updates\GWIC_data_updates.gdb\GWIC_wells_WGS84_Project,flowing,0,50;depth_water_enters "depth_water_enters" true true false 8 Double 0 0,First,#,C:\ArcGIS_projects\Hydrology\arcgis_pro_GWIC_data_updates\GWIC_data_updates.gdb\GWIC_wells_NAD27_Project,depth_water_enters,-1,-1,C:\ArcGIS_projects\Hydrology\arcgis_pro_GWIC_data_updates\GWIC_data_updates.gdb\GWIC_wells_NAD83_Project,depth_water_enters,-1,-1,C:\ArcGIS_projects\Hydrology\arcgis_pro_GWIC_data_updates\GWIC_data_updates.gdb\GWIC_wells_WGS84_Project,depth_water_enters,-1,-1;aquifer "aquifer" true true false 8 Text 0 0,First,#,C:\ArcGIS_projects\Hydrology\arcgis_pro_GWIC_data_updates\GWIC_data_updates.gdb\GWIC_wells_NAD27_Project,aquifer,0,8,C:\ArcGIS_projects\Hydrology\arcgis_pro_GWIC_data_updates\GWIC_data_updates.gdb\GWIC_wells_NAD83_Project,aquifer,0,8,C:\ArcGIS_projects\Hydrology\arcgis_pro_GWIC_data_updates\GWIC_data_updates.gdb\GWIC_wells_WGS84_Project,aquifer,0,8;priority "priority" true true false 2 Short 0 0,First,#,C:\ArcGIS_projects\Hydrology\arcgis_pro_GWIC_data_updates\GWIC_data_updates.gdb\GWIC_wells_NAD27_Project,priority,-1,-1,C:\ArcGIS_projects\Hydrology\arcgis_pro_GWIC_data_updates\GWIC_data_updates.gdb\GWIC_wells_NAD83_Project,priority,-1,-1,C:\ArcGIS_projects\Hydrology\arcgis_pro_GWIC_data_updates\GWIC_data_updates.gdb\GWIC_wells_WGS84_Project,priority,-1,-1;well_use "well_use" true true false 50 Text 0 0,First,#,C:\ArcGIS_projects\Hydrology\arcgis_pro_GWIC_data_updates\GWIC_data_updates.gdb\GWIC_wells_NAD27_Project,well_use,0,50,C:\ArcGIS_projects\Hydrology\arcgis_pro_GWIC_data_updates\GWIC_data_updates.gdb\GWIC_wells_NAD83_Project,well_use,0,50,C:\ArcGIS_projects\Hydrology\arcgis_pro_GWIC_data_updates\GWIC_data_updates.gdb\GWIC_wells_WGS84_Project,well_use,0,50;welluse_priority "welluse_priority" true true false 2 Short 0 0,First,#,C:\ArcGIS_projects\Hydrology\arcgis_pro_GWIC_data_updates\GWIC_data_updates.gdb\GWIC_wells_NAD27_Project,welluse_priority,-1,-1,C:\ArcGIS_projects\Hydrology\arcgis_pro_GWIC_data_updates\GWIC_data_updates.gdb\GWIC_wells_NAD83_Project,welluse_priority,-1,-1,C:\ArcGIS_projects\Hydrology\arcgis_pro_GWIC_data_updates\GWIC_data_updates.gdb\GWIC_wells_WGS84_Project,welluse_priority,-1,-1;calc_loc "calc_loc" true false false 3 Text 0 0,First,#,C:\ArcGIS_projects\Hydrology\arcgis_pro_GWIC_data_updates\GWIC_data_updates.gdb\GWIC_wells_NAD27_Project,calc_loc,0,3,C:\ArcGIS_projects\Hydrology\arcgis_pro_GWIC_data_updates\GWIC_data_updates.gdb\GWIC_wells_NAD83_Project,calc_loc,0,3,C:\ArcGIS_projects\Hydrology\arcgis_pro_GWIC_data_updates\GWIC_data_updates.gdb\GWIC_wells_WGS84_Project,calc_loc,0,3;ver_loc "ver_loc" true false false 3 Text 0 0,First,#,C:\ArcGIS_projects\Hydrology\arcgis_pro_GWIC_data_updates\GWIC_data_updates.gdb\GWIC_wells_NAD27_Project,ver_loc,0,3,C:\ArcGIS_projects\Hydrology\arcgis_pro_GWIC_data_updates\GWIC_data_updates.gdb\GWIC_wells_NAD83_Project,ver_loc,0,3,C:\ArcGIS_projects\Hydrology\arcgis_pro_GWIC_data_updates\GWIC_data_updates.gdb\GWIC_wells_WGS84_Project,ver_loc,0,3;network "network" true true false 50 Text 0 0,First,#,C:\ArcGIS_projects\Hydrology\arcgis_pro_GWIC_data_updates\GWIC_data_updates.gdb\GWIC_wells_NAD27_Project,network,0,50,C:\ArcGIS_projects\Hydrology\arcgis_pro_GWIC_data_updates\GWIC_data_updates.gdb\GWIC_wells_NAD83_Project,network,0,50,C:\ArcGIS_projects\Hydrology\arcgis_pro_GWIC_data_updates\GWIC_data_updates.gdb\GWIC_wells_WGS84_Project,network,0,50;field_visits "field_visits" true true false 4 Long 0 0,First,#,C:\ArcGIS_projects\Hydrology\arcgis_pro_GWIC_data_updates\GWIC_data_updates.gdb\GWIC_wells_NAD27_Project,field_visits,-1,-1,C:\ArcGIS_projects\Hydrology\arcgis_pro_GWIC_data_updates\GWIC_data_updates.gdb\GWIC_wells_NAD83_Project,field_visits,-1,-1,C:\ArcGIS_projects\Hydrology\arcgis_pro_GWIC_data_updates\GWIC_data_updates.gdb\GWIC_wells_WGS84_Project,field_visits,-1,-1;swl_meas "swl_meas" true true false 4 Long 0 0,First,#,C:\ArcGIS_projects\Hydrology\arcgis_pro_GWIC_data_updates\GWIC_data_updates.gdb\GWIC_wells_NAD27_Project,swl_meas,-1,-1,C:\ArcGIS_projects\Hydrology\arcgis_pro_GWIC_data_updates\GWIC_data_updates.gdb\GWIC_wells_NAD83_Project,swl_meas,-1,-1,C:\ArcGIS_projects\Hydrology\arcgis_pro_GWIC_data_updates\GWIC_data_updates.gdb\GWIC_wells_WGS84_Project,swl_meas,-1,-1;samples "samples" true true false 4 Long 0 0,First,#,C:\ArcGIS_projects\Hydrology\arcgis_pro_GWIC_data_updates\GWIC_data_updates.gdb\GWIC_wells_NAD27_Project,samples,-1,-1,C:\ArcGIS_projects\Hydrology\arcgis_pro_GWIC_data_updates\GWIC_data_updates.gdb\GWIC_wells_NAD83_Project,samples,-1,-1,C:\ArcGIS_projects\Hydrology\arcgis_pro_GWIC_data_updates\GWIC_data_updates.gdb\GWIC_wells_WGS84_Project,samples,-1,-1;report_link "report_link" true true false 86 Text 0 0,First,#,C:\ArcGIS_projects\Hydrology\arcgis_pro_GWIC_data_updates\GWIC_data_updates.gdb\GWIC_wells_NAD27_Project,report_link,0,86,C:\ArcGIS_projects\Hydrology\arcgis_pro_GWIC_data_updates\GWIC_data_updates.gdb\GWIC_wells_NAD83_Project,report_link,0,86,C:\ArcGIS_projects\Hydrology\arcgis_pro_GWIC_data_updates\GWIC_data_updates.gdb\GWIC_wells_WGS84_Project,report_link,0,86;all_water_uses "all_water_uses" true true false 1000 Text 0 0,First,#,C:\ArcGIS_projects\Hydrology\arcgis_pro_GWIC_data_updates\GWIC_data_updates.gdb\GWIC_wells_NAD27_Project,all_water_uses,0,1000,C:\ArcGIS_projects\Hydrology\arcgis_pro_GWIC_data_updates\GWIC_data_updates.gdb\GWIC_wells_NAD83_Project,all_water_uses,0,1000,C:\ArcGIS_projects\Hydrology\arcgis_pro_GWIC_data_updates\GWIC_data_updates.gdb\GWIC_wells_WGS84_Project,all_water_uses,0,1000;yield_gpm "yield_gpm" true true false 1000 Text 0 0,First,#,C:\ArcGIS_projects\Hydrology\arcgis_pro_GWIC_data_updates\GWIC_data_updates.gdb\GWIC_wells_NAD27_Project,yield_gpm,0,1000,C:\ArcGIS_projects\Hydrology\arcgis_pro_GWIC_data_updates\GWIC_data_updates.gdb\GWIC_wells_NAD83_Project,yield_gpm,0,1000,C:\ArcGIS_projects\Hydrology\arcgis_pro_GWIC_data_updates\GWIC_data_updates.gdb\GWIC_wells_WGS84_Project,yield_gpm,0,1000;pumping_water_level_ft "pumping_water_level_ft" true true false 1000 Text 0 0,First,#,C:\ArcGIS_projects\Hydrology\arcgis_pro_GWIC_data_updates\GWIC_data_updates.gdb\GWIC_wells_NAD27_Project,pumping_water_level_ft,0,1000,C:\ArcGIS_projects\Hydrology\arcgis_pro_GWIC_data_updates\GWIC_data_updates.gdb\GWIC_wells_NAD83_Project,pumping_water_level_ft,0,1000,C:\ArcGIS_projects\Hydrology\arcgis_pro_GWIC_data_updates\GWIC_data_updates.gdb\GWIC_wells_WGS84_Project,pumping_water_level_ft,0,1000;dnrc_water_right "dnrc_water_right" true true false 50 Text 0 0,First,#,C:\ArcGIS_projects\Hydrology\arcgis_pro_GWIC_data_updates\GWIC_data_updates.gdb\GWIC_wells_NAD27_Project,dnrc_water_right,0,50,C:\ArcGIS_projects\Hydrology\arcgis_pro_GWIC_data_updates\GWIC_data_updates.gdb\GWIC_wells_NAD83_Project,dnrc_water_right,0,50,C:\ArcGIS_projects\Hydrology\arcgis_pro_GWIC_data_updates\GWIC_data_updates.gdb\GWIC_wells_WGS84_Project,dnrc_water_right,0,50" NO_SOURCE_INFO</Process><Process ToolSource="c:\program files\arcgis\pro\Resources\ArcToolbox\toolboxes\Data Management Tools.tbx\CopyMultiple" Date="20220307" Time="212702">CopyMultiple "C:\ArcGIS_projects\Hydrology\arcgis_pro_GWIC_data_updates\GWIC_data_updates.gdb\GWIC_all_wells_WMAS FeatureClass" C:\Users\yli\AppData\Roaming\Esri\ArcGISPro\Favorites\mbmgmapsql1b_gisdata_osconnect.sde GWIC_all_wells_WMAS "GWIC_all_wells_WMAS FeatureClass gisdata.DBO.GWIC_all_wells_WMAS #"</Process><Process ToolSource="c:\program files\arcgis\pro\Resources\ArcToolbox\toolboxes\Data Management Tools.tbx\Append" Date="20220308" Time="171136">Append C:\ArcGIS_projects\Hydrology\arcgis_pro_GWIC_data_updates\GWIC_data_updates.gdb\GWIC_all_wells_WMAS C:\Users\yli\AppData\Roaming\Esri\ArcGISPro\Favorites\mbmgmapsql1b_gisdata_osconnect.sde\gisdata.DBO.GWIC_all_wells_WMAS "Input fields must match target fields" # # #</Process><Process ToolSource="c:\program files\arcgis\pro\Resources\ArcToolbox\toolboxes\Data Management Tools.tbx\DeleteFeatures" Date="20220308" Time="171452">DeleteFeatures C:\Users\yli\AppData\Roaming\Esri\ArcGISPro\Favorites\mbmgmapsql1b_gisdata_osconnect.sde\gisdata.DBO.GWIC_all_wells_WMAS</Process><Process ToolSource="c:\program files\arcgis\pro\Resources\ArcToolbox\toolboxes\Data Management Tools.tbx\Append" Date="20220308" Time="171744">Append C:\ArcGIS_projects\Hydrology\arcgis_pro_GWIC_data_updates\GWIC_data_updates.gdb\GWIC_all_wells_WMAS C:\Users\yli\AppData\Roaming\Esri\ArcGISPro\Favorites\mbmgmapsql1b_gisdata_osconnect.sde\gisdata.DBO.GWIC_all_wells_WMAS "Input fields must match target fields" # # #</Process><Process Name="Delete all the existing GWIC wells from SQL Server" ToolSource="c:\program files\arcgis\pro\Resources\ArcToolbox\toolboxes\Data Management Tools.tbx\DeleteFeatures" Date="20220309" Time="111012">DeleteFeatures C:\Users\yli\AppData\Roaming\Esri\ArcGISPro\Favorites\mbmgmapsql1b_gisdata_osconnect.sde\gisdata.DBO.GWIC_all_wells_WMAS</Process><Process Name="Append GWIC wells to feature class in SQL Server" ToolSource="c:\program files\arcgis\pro\Resources\ArcToolbox\toolboxes\Data Management Tools.tbx\Append" Date="20220309" Time="111148">Append C:\ArcGIS_projects\Hydrology\arcgis_pro_GWIC_data_updates\GWIC_data_updates.gdb\GWIC_all_wells_WMAS C:\Users\yli\AppData\Roaming\Esri\ArcGISPro\Favorites\mbmgmapsql1b_gisdata_osconnect.sde\gisdata.DBO.GWIC_all_wells_WMAS "Input fields must match target fields" # # #</Process><Process Name="Delete all the existing GWIC wells from SQL Server" ToolSource="c:\program files\arcgis\pro\Resources\ArcToolbox\toolboxes\Data Management Tools.tbx\DeleteFeatures" Date="20220309" Time="112732">DeleteFeatures C:\Users\yli\AppData\Roaming\Esri\ArcGISPro\Favorites\mbmgmapsql1b_gisdata_osconnect.sde\gisdata.DBO.GWIC_all_wells_WMAS</Process><Process Name="Append GWIC wells to feature class in SQL Server" ToolSource="c:\program files\arcgis\pro\Resources\ArcToolbox\toolboxes\Data Management Tools.tbx\Append" Date="20220309" Time="112959">Append C:\ArcGIS_projects\Hydrology\arcgis_pro_GWIC_data_updates\GWIC_data_updates.gdb\GWIC_all_wells_WMAS C:\Users\yli\AppData\Roaming\Esri\ArcGISPro\Favorites\mbmgmapsql1b_gisdata_osconnect.sde\gisdata.DBO.GWIC_all_wells_WMAS "Input fields must match target fields" # # #</Process><Process Name="Delete all the existing GWIC wells from SQL Server" ToolSource="c:\program files\arcgis\pro\Resources\ArcToolbox\toolboxes\Data Management Tools.tbx\DeleteFeatures" Date="20220309" Time="114046">DeleteFeatures C:\Users\yli\AppData\Roaming\Esri\ArcGISPro\Favorites\mbmgmapsql1b_gisdata_osconnect.sde\gisdata.DBO.GWIC_all_wells_WMAS</Process><Process Name="Append GWIC wells to feature class in SQL Server" ToolSource="c:\program files\arcgis\pro\Resources\ArcToolbox\toolboxes\Data Management Tools.tbx\Append" Date="20220309" Time="114225">Append C:\ArcGIS_projects\Hydrology\arcgis_pro_GWIC_data_updates\GWIC_data_updates.gdb\GWIC_all_wells_WMAS C:\Users\yli\AppData\Roaming\Esri\ArcGISPro\Favorites\mbmgmapsql1b_gisdata_osconnect.sde\gisdata.DBO.GWIC_all_wells_WMAS "Input fields must match target fields" # # #</Process><Process Name="Delete existing GWIC wells from SQL Server" ToolSource="c:\program files\arcgis\pro\Resources\ArcToolbox\toolboxes\Data Management Tools.tbx\DeleteFeatures" Date="20221109" Time="142611">DeleteFeatures C:\Users\yli\AppData\Roaming\Esri\ArcGISPro\Favorites\mbmgmapsql1b_gisdata_osconnect.sde\gisdata.DBO.GWIC_all_wells_WMAS</Process><Process Name="Append GWIC wells to feature class in SQL Server" ToolSource="c:\program files\arcgis\pro\Resources\ArcToolbox\toolboxes\Data Management Tools.tbx\Append" Date="20221109" Time="142743">Append C:\ArcGIS_projects\Hydrology\arcgis_pro_GWIC_data_updates\GWIC_data_updates.gdb\GWIC_all_wells_WMAS C:\Users\yli\AppData\Roaming\Esri\ArcGISPro\Favorites\mbmgmapsql1b_gisdata_osconnect.sde\gisdata.DBO.GWIC_all_wells_WMAS "Input fields must match target fields" # # #</Process><Process Name="Append GWIC wells to feature class in SQL Server" ToolSource="c:\program files\arcgis\pro\Resources\ArcToolbox\toolboxes\Data Management Tools.tbx\Append" Date="20221109" Time="143635">Append C:\ArcGIS_projects\Hydrology\arcgis_pro_GWIC_data_updates\GWIC_data_updates.gdb\GWIC_all_wells_WMAS C:\Users\yli\AppData\Roaming\Esri\ArcGISPro\Favorites\mbmgmapsql1b_gisdata_osconnect.sde\gisdata.DBO.GWIC_all_wells_WMAS "Input fields must match target fields" # # #</Process><Process Name="Append GWIC wells to feature class in SQL Server" ToolSource="c:\program files\arcgis\pro\Resources\ArcToolbox\toolboxes\Data Management Tools.tbx\Append" Date="20221109" Time="144252">Append C:\ArcGIS_projects\Hydrology\arcgis_pro_GWIC_data_updates\GWIC_data_updates.gdb\GWIC_all_wells_WMAS C:\Users\yli\AppData\Roaming\Esri\ArcGISPro\Favorites\mbmgmapsql1b_gisdata_osconnect.sde\gisdata.DBO.GWIC_all_wells_WMAS "Input fields must match target fields" # # #</Process><Process Name="Delete existing GWIC wells from SQL Server" ToolSource="c:\program files\arcgis\pro\Resources\ArcToolbox\toolboxes\Data Management Tools.tbx\DeleteFeatures" Date="20221109" Time="145345">DeleteFeatures C:\Users\yli\AppData\Roaming\Esri\ArcGISPro\Favorites\mbmgmapsql1b_gisdata_osconnect.sde\gisdata.DBO.GWIC_all_wells_WMAS</Process><Process Name="Append GWIC wells to feature class in SQL Server" ToolSource="c:\program files\arcgis\pro\Resources\ArcToolbox\toolboxes\Data Management Tools.tbx\Append" Date="20221109" Time="145541">Append C:\ArcGIS_projects\Hydrology\arcgis_pro_GWIC_data_updates\GWIC_data_updates.gdb\GWIC_all_wells_WMAS C:\Users\yli\AppData\Roaming\Esri\ArcGISPro\Favorites\mbmgmapsql1b_gisdata_osconnect.sde\gisdata.DBO.GWIC_all_wells_WMAS "Input fields must match target fields" # # #</Process><Process Name="Delete existing GWIC wells from SQL Server" ToolSource="c:\program files\arcgis\pro\Resources\ArcToolbox\toolboxes\Data Management Tools.tbx\DeleteFeatures" Date="20221209" Time="130045">DeleteFeatures C:\Users\yli\AppData\Roaming\Esri\ArcGISPro\Favorites\mbmgmapsql1b_gisdata_osconnect.sde\gisdata.DBO.GWIC_all_wells_WMAS</Process><Process Name="Append GWIC wells to feature class in SQL Server" ToolSource="c:\program files\arcgis\pro\Resources\ArcToolbox\toolboxes\Data Management Tools.tbx\Append" Date="20221209" Time="130222">Append C:\ArcGIS_projects\Hydrology\arcgis_pro_GWIC_data_updates\GWIC_data_updates.gdb\GWIC_all_wells_WMAS C:\Users\yli\AppData\Roaming\Esri\ArcGISPro\Favorites\mbmgmapsql1b_gisdata_osconnect.sde\gisdata.DBO.GWIC_all_wells_WMAS "Input fields must match target fields" # # #</Process><Process Name="Delete existing GWIC wells from SQL Server" ToolSource="c:\program files\arcgis\pro\Resources\ArcToolbox\toolboxes\Data Management Tools.tbx\DeleteFeatures" Date="20230119" Time="135535">DeleteFeatures C:\Users\yli\AppData\Roaming\Esri\ArcGISPro\Favorites\mbmgmapsql1b_gisdata_osconnect.sde\gisdata.DBO.GWIC_all_wells_WMAS</Process><Process Name="Append GWIC wells to feature class in SQL Server" ToolSource="c:\program files\arcgis\pro\Resources\ArcToolbox\toolboxes\Data Management Tools.tbx\Append" Date="20230119" Time="135708">Append C:\ArcGIS_projects\Hydrology\arcgis_pro_GWIC_data_updates\GWIC_data_updates.gdb\GWIC_all_wells_WMAS C:\Users\yli\AppData\Roaming\Esri\ArcGISPro\Favorites\mbmgmapsql1b_gisdata_osconnect.sde\gisdata.DBO.GWIC_all_wells_WMAS "Input fields must match target fields" # # #</Process><Process Name="Delete existing GWIC wells from SQL Server" ToolSource="c:\program files\arcgis\pro\Resources\ArcToolbox\toolboxes\Data Management Tools.tbx\DeleteFeatures" Date="20230511" Time="145148">DeleteFeatures C:\Users\yli\AppData\Roaming\Esri\ArcGISPro\Favorites\mbmgmapsql1b_gisdata_osconnect.sde\gisdata.DBO.GWIC_all_wells_WMAS</Process><Process Name="Append GWIC wells to feature class in SQL Server" ToolSource="c:\program files\arcgis\pro\Resources\ArcToolbox\toolboxes\Data Management Tools.tbx\Append" Date="20230511" Time="145329">Append C:\ArcGIS_projects\Hydrology\arcgis_pro_GWIC_data_updates\GWIC_data_updates.gdb\GWIC_all_wells_WMAS C:\Users\yli\AppData\Roaming\Esri\ArcGISPro\Favorites\mbmgmapsql1b_gisdata_osconnect.sde\gisdata.DBO.GWIC_all_wells_WMAS "Input fields must match target fields" # # # # NOT_UPDATE_GEOMETRY</Process></lineage><itemProps><itemLocation><linkage Sync="TRUE">file://\\MBMGMAP\C$\ArcGIS_projects\Hydrology\arcgis_pro_GWIC_data_updates\GWIC_FTPSiteData\Shapefile\GWIC_Wells.shp</linkage><protocol Sync="TRUE">Local Area Network</protocol></itemLocation><itemName Sync="TRUE">GWIC_Wells</itemName><imsContentType Sync="TRUE">002</imsContentType><itemSize Sync="TRUE">0.000</itemSize></itemProps><coordRef><type Sync="TRUE">Projected</type><geogcsn Sync="TRUE">GCS_WGS_1984</geogcsn><csUnits Sync="TRUE">Linear Unit: Meter (1.000000)</csUnits><projcsn Sync="TRUE">WGS_1984_Web_Mercator_Auxiliary_Sphere</projcsn><peXml Sync="TRUE">&lt;ProjectedCoordinateSystem xsi:type='typens:ProjectedCoordinateSystem' xmlns:xsi='http://www.w3.org/2001/XMLSchema-instance' xmlns:xs='http://www.w3.org/2001/XMLSchema' xmlns:typens='http://www.esri.com/schemas/ArcGIS/3.1.0'&gt;&lt;WKT&gt;PROJCS[&amp;quot;WGS_1984_Web_Mercator_Auxiliary_Sphere&amp;quot;,GEOGCS[&amp;quot;GCS_WGS_1984&amp;quot;,DATUM[&amp;quot;D_WGS_1984&amp;quot;,SPHEROID[&amp;quot;WGS_1984&amp;quot;,6378137.0,298.257223563]],PRIMEM[&amp;quot;Greenwich&amp;quot;,0.0],UNIT[&amp;quot;Degree&amp;quot;,0.0174532925199433]],PROJECTION[&amp;quot;Mercator_Auxiliary_Sphere&amp;quot;],PARAMETER[&amp;quot;False_Easting&amp;quot;,0.0],PARAMETER[&amp;quot;False_Northing&amp;quot;,0.0],PARAMETER[&amp;quot;Central_Meridian&amp;quot;,0.0],PARAMETER[&amp;quot;Standard_Parallel_1&amp;quot;,0.0],PARAMETER[&amp;quot;Auxiliary_Sphere_Type&amp;quot;,0.0],UNIT[&amp;quot;Meter&amp;quot;,1.0],AUTHORITY[&amp;quot;EPSG&amp;quot;,3857]]&lt;/WKT&gt;&lt;XOrigin&gt;-20037700&lt;/XOrigin&gt;&lt;YOrigin&gt;-30241100&lt;/YOrigin&gt;&lt;XYScale&gt;148923141.92838538&lt;/XYScale&gt;&lt;ZOrigin&gt;-100000&lt;/ZOrigin&gt;&lt;ZScale&gt;10000&lt;/ZScale&gt;&lt;MOrigin&gt;-100000&lt;/MOrigin&gt;&lt;MScale&gt;10000&lt;/MScale&gt;&lt;XYTolerance&gt;0.001&lt;/XYTolerance&gt;&lt;ZTolerance&gt;0.001&lt;/ZTolerance&gt;&lt;MTolerance&gt;0.001&lt;/MTolerance&gt;&lt;HighPrecision&gt;true&lt;/HighPrecision&gt;&lt;WKID&gt;102100&lt;/WKID&gt;&lt;LatestWKID&gt;3857&lt;/LatestWKID&gt;&lt;/ProjectedCoordinateSystem&gt;</peXml></coordRef><LayerFile>{"type":"CIMLayerDocument","version":"2.9.0","build":32739,"layers":["CIMPATH=map/gwic_wells_nad27.xml"],"layerDefinitions":[{"type":"CIMFeatureLayer","name":"GWIC_wells_NAD27","uRI":"CIMPATH=map/gwic_wells_nad27.xml","sourceModifiedTime":{"type":"TimeInstant"},"useSourceMetadata":true,"description":"GWIC_wells_NAD27","layerElevation":{"type":"CIMLayerElevationSurface","mapElevationID":"{A372D017-F81A-4B6C-8A9A-AEA11A17F4ED}"},"expanded":true,"layerType":"Operational","showLegends":true,"visibility":true,"displayCacheType":"Permanent","maxDisplayCacheAge":5,"showPopups":true,"serviceLayerID":-1,"refreshRate":-1,"refreshRateUnit":"esriTimeUnitsSeconds","blendingMode":"Alpha","allowDrapingOnIntegratedMesh":true,"autoGenerateFeatureTemplates":true,"featureTable":{"type":"CIMFeatureTable","displayField":"site_name","editable":true,"dataConnection":{"type":"CIMStandardDataConnection"},"studyAreaSpatialRel":"esriSpatialRelUndefined","searchOrder":"esriSearchOrderSpatial"},"htmlPopupEnabled":true,"selectable":true,"featureCacheType":"Session","displayFiltersType":"ByScale","featureBlendingMode":"Alpha","labelClasses":[{"type":"CIMLabelClass","expression":"$feature.OBJECTID","expressionEngine":"Arcade","featuresToLabel":"AllVisibleFeatures","maplexLabelPlacementProperties":{"type":"CIMMaplexLabelPlacementProperties","featureType":"Point","avoidPolygonHoles":true,"canOverrunFeature":true,"canPlaceLabelOutsidePolygon":true,"canRemoveOverlappingLabel":true,"canStackLabel":true,"connectionType":"Unambiguous","constrainOffset":"NoConstraint","contourAlignmentType":"Page","contourLadderType":"Straight","contourMaximumAngle":90,"enableConnection":true,"enablePointPlacementPriorities":true,"featureWeight":0,"fontHeightReductionLimit":4,"fontHeightReductionStep":0.5,"fontWidthReductionLimit":90,"fontWidthReductionStep":5,"graticuleAlignmentType":"Straight","keyNumberGroupName":"Default","labelBuffer":15,"labelLargestPolygon":true,"labelPriority":-1,"labelStackingProperties":{"type":"CIMMaplexLabelStackingProperties","stackAlignment":"ChooseBest","maximumNumberOfLines":3,"minimumNumberOfCharsPerLine":3,"maximumNumberOfCharsPerLine":24,"separators":[{"type":"CIMMaplexStackingSeparator","separator":" ","splitAfter":true},{"type":"CIMMaplexStackingSeparator","separator":",","visible":true,"splitAfter":true}],"trimStackingSeparators":true},"lineFeatureType":"General","linePlacementMethod":"OffsetCurvedFromLine","maximumLabelOverrun":36,"maximumLabelOverrunUnit":"Point","minimumFeatureSizeUnit":"Map","multiPartOption":"OneLabelPerPart","offsetAlongLineProperties":{"type":"CIMMaplexOffsetAlongLineProperties","placementMethod":"BestPositionAlongLine","labelAnchorPoint":"CenterOfLabel","distanceUnit":"Percentage","useLineDirection":true},"pointExternalZonePriorities":{"type":"CIMMaplexExternalZonePriorities","aboveLeft":4,"aboveCenter":2,"aboveRight":1,"centerRight":3,"belowRight":5,"belowCenter":7,"belowLeft":8,"centerLeft":6},"pointPlacementMethod":"AroundPoint","polygonAnchorPointType":"GeometricCenter","polygonBoundaryWeight":0,"polygonExternalZones":{"type":"CIMMaplexExternalZonePriorities","aboveLeft":4,"aboveCenter":2,"aboveRight":1,"centerRight":3,"belowRight":5,"belowCenter":7,"belowLeft":8,"centerLeft":6},"polygonFeatureType":"General","polygonInternalZones":{"type":"CIMMaplexInternalZonePriorities","center":1},"polygonPlacementMethod":"CurvedInPolygon","primaryOffset":1,"primaryOffsetUnit":"Point","removeExtraWhiteSpace":true,"repetitionIntervalUnit":"Point","rotationProperties":{"type":"CIMMaplexRotationProperties","rotationType":"Arithmetic","alignmentType":"Straight"},"secondaryOffset":100,"strategyPriorities":{"type":"CIMMaplexStrategyPriorities","stacking":1,"overrun":2,"fontCompression":3,"fontReduction":4,"abbreviation":5},"thinningDistanceUnit":"Point","truncationMarkerCharacter":".","truncationMinimumLength":1,"truncationPreferredCharacters":"aeiou","truncationExcludedCharacters":"0123456789","polygonAnchorPointPerimeterInsetUnit":"Point"},"name":"Class 1","priority":-1,"standardLabelPlacementProperties":{"type":"CIMStandardLabelPlacementProperties","featureType":"Line","featureWeight":"Low","labelWeight":"High","numLabelsOption":"OneLabelPerName","lineLabelPosition":{"type":"CIMStandardLineLabelPosition","above":true,"inLine":true,"parallel":true},"lineLabelPriorities":{"type":"CIMStandardLineLabelPriorities","aboveStart":3,"aboveAlong":3,"aboveEnd":3,"centerStart":3,"centerAlong":3,"centerEnd":3,"belowStart":3,"belowAlong":3,"belowEnd":3},"pointPlacementMethod":"AroundPoint","pointPlacementPriorities":{"type":"CIMStandardPointPlacementPriorities","aboveLeft":2,"aboveCenter":2,"aboveRight":1,"centerLeft":3,"centerRight":2,"belowLeft":3,"belowCenter":3,"belowRight":2},"rotationType":"Arithmetic","polygonPlacementMethod":"AlwaysHorizontal"},"textSymbol":{"type":"CIMSymbolReference","symbol":{"type":"CIMTextSymbol","blockProgression":"TTB","depth3D":1,"extrapolateBaselines":true,"fontEffects":"Normal","fontEncoding":"Unicode","fontFamilyName":"Tahoma","fontStyleName":"Regular","fontType":"Unspecified","haloSize":1,"height":10,"hinting":"Default","horizontalAlignment":"Left","kerning":true,"letterWidth":100,"ligatures":true,"lineGapType":"ExtraLeading","symbol":{"type":"CIMPolygonSymbol","symbolLayers":[{"type":"CIMSolidFill","enable":true,"color":{"type":"CIMRGBColor","values":[0,0,0,100]}}]},"textCase":"Normal","textDirection":"LTR","verticalAlignment":"Bottom","verticalGlyphOrientation":"Right","wordSpacing":100,"billboardMode3D":"FaceNearPlane"}},"useCodedValue":true,"visibility":true,"iD":-1}],"renderer":{"type":"CIMSimpleRenderer","patch":"Default","symbol":{"type":"CIMSymbolReference","symbol":{"type":"CIMPointSymbol","symbolLayers":[{"type":"CIMVectorMarker","enable":true,"anchorPoint":{"x":0,"y":-0.5},"anchorPointUnits":"Relative","dominantSizeAxis3D":"Y","size":12,"billboardMode3D":"FaceNearPlane","frame":{"xmin":0,"ymin":0,"xmax":21,"ymax":21},"markerGraphics":[{"type":"CIMMarkerGraphic","geometry":{"curveRings":[[[17.1700000000000017,14.33],{"b":[[10.5,0],[17.1700000000000017,10.65],[12.3800000000000008,6.1500000000000004]]},{"b":[[3.8300000000000001,14.33],[8.6500000000000004,6.1799999999999997],[3.8300000000000001,10.65]]},{"b":[[10.5,21],[3.8300000000000001,18.0100000000000016],[6.8200000000000003,21]]},{"b":[[17.1700000000000017,14.33],[14.19,21],[17.1700000000000017,18.0100000000000016]]}]]},"symbol":{"type":"CIMPolygonSymbol","symbolLayers":[{"type":"CIMSolidStroke","enable":true,"capStyle":"Round","joinStyle":"Round","lineStyle3D":"Strip","miterLimit":10,"width":0,"color":{"type":"CIMRGBColor","values":[110,110,110,100]}},{"type":"CIMSolidFill","enable":true,"color":{"type":"CIMRGBColor","values":[0,122,194,80]}}]}}],"scaleSymbolsProportionally":true,"respectFrame":true}],"haloSize":1,"scaleX":1,"angleAlignment":"Display"}}},"scaleSymbols":true,"snappable":true}]}</LayerFile></DataProperties><SyncDate>20231206</SyncDate><SyncTime>22063400</SyncTime><ModDate>20231206</ModDate><ModTime>22063400</ModTime></Esri><dataIdInfo><envirDesc Sync="TRUE">Microsoft Windows Server 2016 Technical Preview Version 10.0 (Build 17763) ; Esri ArcGIS 13.1.2.41833</envirDesc><dataLang><languageCode value="eng" Sync="TRUE"/><countryCode value="USA" Sync="TRUE"/></dataLang><idCitation><resTitle Sync="TRUE">GWIC_Wells</resTitle><presForm><PresFormCd value="005" Sync="TRUE"/></presForm></idCitation><spatRpType><SpatRepTypCd value="001" Sync="TRUE"/></spatRpType></dataIdInfo><mdLang><languageCode value="eng" Sync="TRUE"/><countryCode value="USA" Sync="TRUE"/></mdLang><distInfo><distFormat><formatName Sync="TRUE">Shapefile</formatName></distFormat><distTranOps><transSize Sync="TRUE">0.000</transSize></distTranOps></distInfo><mdHrLv><ScopeCd value="005" Sync="TRUE"/></mdHrLv><mdHrLvName Sync="TRUE">dataset</mdHrLvName><refSysInfo><RefSystem><refSysID><identCode code="3857" Sync="TRUE"/><idCodeSpace Sync="TRUE">EPSG</idCodeSpace><idVersion Sync="TRUE">6.18.3(9.3.1.2)</idVersion></refSysID></RefSystem></refSysInfo><spatRepInfo><VectSpatRep><geometObjs Name="GWIC_Wells"><geoObjTyp><GeoObjTypCd value="004" Sync="TRUE"></GeoObjTypCd></geoObjTyp><geoObjCnt Sync="TRUE">0</geoObjCnt></geometObjs><topLvl><TopoLevCd value="001" Sync="TRUE"></TopoLevCd></topLvl></VectSpatRep></spatRepInfo><spdoinfo><ptvctinf><esriterm Name="GWIC_Wells"><efeatyp Sync="TRUE">Simple</efeatyp><efeageom code="1" Sync="TRUE"></efeageom><esritopo Sync="TRUE">FALSE</esritopo><efeacnt Sync="TRUE">0</efeacnt><spindex Sync="TRUE">FALSE</spindex><linrefer Sync="TRUE">FALSE</linrefer></esriterm></ptvctinf></spdoinfo><eainfo><detailed Name="GWIC_Wells"><enttyp><enttypl Sync="TRUE">GWIC_Wells</enttypl><enttypt Sync="TRUE">Feature Class</enttypt><enttypc Sync="TRUE">0</enttypc></enttyp><attr><attrlabl Sync="TRUE">FID</attrlabl><attalias Sync="TRUE">FID</attalias><attrtype Sync="TRUE">OID</attrtype><attwidth Sync="TRUE">4</attwidth><atprecis Sync="TRUE">0</atprecis><attscale Sync="TRUE">0</attscale><attrdef Sync="TRUE">Internal feature number.</attrdef><attrdefs Sync="TRUE">Esri</attrdefs><attrdomv><udom Sync="TRUE">Sequential unique whole numbers that are automatically generated.</udom></attrdomv></attr><attr><attrlabl Sync="TRUE">Shape</attrlabl><attalias Sync="TRUE">Shape</attalias><attrtype Sync="TRUE">Geometry</attrtype><attwidth Sync="TRUE">0</attwidth><atprecis Sync="TRUE">0</atprecis><attscale Sync="TRUE">0</attscale><attrdef Sync="TRUE">Feature geometry.</attrdef><attrdefs Sync="TRUE">Esri</attrdefs><attrdomv><udom Sync="TRUE">Coordinates defining the features.</udom></attrdomv></attr><attr><attrlabl Sync="TRUE">gwicid</attrlabl><attalias Sync="TRUE">gwicid</attalias><attrtype Sync="TRUE">Integer</attrtype><attwidth Sync="TRUE">10</attwidth><atprecis Sync="TRUE">10</atprecis><attscale Sync="TRUE">0</attscale></attr><attr><attrlabl Sync="TRUE">site_name</attrlabl><attalias Sync="TRUE">site_name</attalias><attrtype Sync="TRUE">String</attrtype><attwidth Sync="TRUE">254</attwidth><atprecis Sync="TRUE">0</atprecis><attscale Sync="TRUE">0</attscale></attr><attr><attrlabl Sync="TRUE">latitude</attrlabl><attalias Sync="TRUE">latitude</attalias><attrtype Sync="TRUE">Double</attrtype><attwidth Sync="TRUE">19</attwidth><atprecis Sync="TRUE">18</atprecis><attscale Sync="TRUE">8</attscale></attr><attr><attrlabl Sync="TRUE">longitude</attrlabl><attalias Sync="TRUE">longitude</attalias><attrtype Sync="TRUE">Double</attrtype><attwidth Sync="TRUE">19</attwidth><atprecis Sync="TRUE">18</atprecis><attscale Sync="TRUE">8</attscale></attr><attr><attrlabl Sync="TRUE">geomethod</attrlabl><attalias Sync="TRUE">geomethod</attalias><attrtype Sync="TRUE">String</attrtype><attwidth Sync="TRUE">50</attwidth><atprecis Sync="TRUE">0</atprecis><attscale Sync="TRUE">0</attscale></attr><attr><attrlabl Sync="TRUE">datum_latl</attrlabl><attalias Sync="TRUE">datum_latl</attalias><attrtype Sync="TRUE">String</attrtype><attwidth Sync="TRUE">50</attwidth><atprecis Sync="TRUE">0</atprecis><attscale Sync="TRUE">0</attscale></attr><attr><attrlabl Sync="TRUE">date_latlo</attrlabl><attalias Sync="TRUE">date_latlo</attalias><attrtype Sync="TRUE">Date</attrtype><attwidth Sync="TRUE">8</attwidth><atprecis Sync="TRUE">0</atprecis><attscale Sync="TRUE">0</attscale></attr><attr><attrlabl Sync="TRUE">altitude</attrlabl><attalias Sync="TRUE">altitude</attalias><attrtype Sync="TRUE">Double</attrtype><attwidth Sync="TRUE">19</attwidth><atprecis Sync="TRUE">18</atprecis><attscale Sync="TRUE">8</attscale></attr><attr><attrlabl Sync="TRUE">method_alt</attrlabl><attalias Sync="TRUE">method_alt</attalias><attrtype Sync="TRUE">String</attrtype><attwidth Sync="TRUE">50</attwidth><atprecis Sync="TRUE">0</atprecis><attscale Sync="TRUE">0</attscale></attr><attr><attrlabl Sync="TRUE">datum_alti</attrlabl><attalias Sync="TRUE">datum_alti</attalias><attrtype Sync="TRUE">String</attrtype><attwidth Sync="TRUE">50</attwidth><atprecis Sync="TRUE">0</atprecis><attscale Sync="TRUE">0</attscale></attr><attr><attrlabl Sync="TRUE">date_altit</attrlabl><attalias Sync="TRUE">date_altit</attalias><attrtype Sync="TRUE">Date</attrtype><attwidth Sync="TRUE">8</attwidth><atprecis Sync="TRUE">0</atprecis><attscale Sync="TRUE">0</attscale></attr><attr><attrlabl Sync="TRUE">township</attrlabl><attalias Sync="TRUE">township</attalias><attrtype Sync="TRUE">String</attrtype><attwidth Sync="TRUE">8</attwidth><atprecis Sync="TRUE">0</atprecis><attscale Sync="TRUE">0</attscale></attr><attr><attrlabl Sync="TRUE">range</attrlabl><attalias Sync="TRUE">range</attalias><attrtype Sync="TRUE">String</attrtype><attwidth Sync="TRUE">8</attwidth><atprecis Sync="TRUE">0</atprecis><attscale Sync="TRUE">0</attscale></attr><attr><attrlabl Sync="TRUE">section</attrlabl><attalias Sync="TRUE">section</attalias><attrtype Sync="TRUE">Integer</attrtype><attwidth Sync="TRUE">5</attwidth><atprecis Sync="TRUE">5</atprecis><attscale Sync="TRUE">0</attscale></attr><attr><attrlabl Sync="TRUE">qsection</attrlabl><attalias Sync="TRUE">qsection</attalias><attrtype Sync="TRUE">String</attrtype><attwidth Sync="TRUE">10</attwidth><atprecis Sync="TRUE">0</atprecis><attscale Sync="TRUE">0</attscale></attr><attr><attrlabl Sync="TRUE">county</attrlabl><attalias Sync="TRUE">county</attalias><attrtype Sync="TRUE">String</attrtype><attwidth Sync="TRUE">50</attwidth><atprecis Sync="TRUE">0</atprecis><attscale Sync="TRUE">0</attscale></attr><attr><attrlabl Sync="TRUE">state</attrlabl><attalias Sync="TRUE">state</attalias><attrtype Sync="TRUE">String</attrtype><attwidth Sync="TRUE">50</attwidth><atprecis Sync="TRUE">0</atprecis><attscale Sync="TRUE">0</attscale></attr><attr><attrlabl Sync="TRUE">drainage_b</attrlabl><attalias Sync="TRUE">drainage_b</attalias><attrtype Sync="TRUE">String</attrtype><attwidth Sync="TRUE">50</attwidth><atprecis Sync="TRUE">0</atprecis><attscale Sync="TRUE">0</attscale></attr><attr><attrlabl Sync="TRUE">addition_s</attrlabl><attalias Sync="TRUE">addition_s</attalias><attrtype Sync="TRUE">String</attrtype><attwidth Sync="TRUE">100</attwidth><atprecis Sync="TRUE">0</atprecis><attscale Sync="TRUE">0</attscale></attr><attr><attrlabl Sync="TRUE">block</attrlabl><attalias Sync="TRUE">block</attalias><attrtype Sync="TRUE">String</attrtype><attwidth Sync="TRUE">50</attwidth><atprecis Sync="TRUE">0</atprecis><attscale Sync="TRUE">0</attscale></attr><attr><attrlabl Sync="TRUE">lot</attrlabl><attalias Sync="TRUE">lot</attalias><attrtype Sync="TRUE">String</attrtype><attwidth Sync="TRUE">50</attwidth><atprecis Sync="TRUE">0</atprecis><attscale Sync="TRUE">0</attscale></attr><attr><attrlabl Sync="TRUE">certofsurv</attrlabl><attalias Sync="TRUE">certofsurv</attalias><attrtype Sync="TRUE">String</attrtype><attwidth Sync="TRUE">50</attwidth><atprecis Sync="TRUE">0</atprecis><attscale Sync="TRUE">0</attscale></attr><attr><attrlabl Sync="TRUE">parcel</attrlabl><attalias Sync="TRUE">parcel</attalias><attrtype Sync="TRUE">String</attrtype><attwidth Sync="TRUE">50</attwidth><atprecis Sync="TRUE">0</atprecis><attscale Sync="TRUE">0</attscale></attr><attr><attrlabl Sync="TRUE">assessortr</attrlabl><attalias Sync="TRUE">assessortr</attalias><attrtype Sync="TRUE">String</attrtype><attwidth Sync="TRUE">50</attwidth><atprecis Sync="TRUE">0</atprecis><attscale Sync="TRUE">0</attscale></attr><attr><attrlabl Sync="TRUE">geocode</attrlabl><attalias Sync="TRUE">geocode</attalias><attrtype Sync="TRUE">String</attrtype><attwidth Sync="TRUE">50</attwidth><atprecis Sync="TRUE">0</atprecis><attscale Sync="TRUE">0</attscale></attr><attr><attrlabl Sync="TRUE">site_type</attrlabl><attalias Sync="TRUE">site_type</attalias><attrtype Sync="TRUE">String</attrtype><attwidth Sync="TRUE">50</attwidth><atprecis Sync="TRUE">0</atprecis><attscale Sync="TRUE">0</attscale></attr><attr><attrlabl Sync="TRUE">total_dept</attrlabl><attalias Sync="TRUE">total_dept</attalias><attrtype Sync="TRUE">Double</attrtype><attwidth Sync="TRUE">19</attwidth><atprecis Sync="TRUE">18</atprecis><attscale Sync="TRUE">8</attscale></attr><attr><attrlabl Sync="TRUE">swl</attrlabl><attalias Sync="TRUE">swl</attalias><attrtype Sync="TRUE">Double</attrtype><attwidth Sync="TRUE">19</attwidth><atprecis Sync="TRUE">18</atprecis><attscale Sync="TRUE">8</attscale></attr><attr><attrlabl Sync="TRUE">date_compl</attrlabl><attalias Sync="TRUE">date_compl</attalias><attrtype Sync="TRUE">Date</attrtype><attwidth Sync="TRUE">8</attwidth><atprecis Sync="TRUE">0</atprecis><attscale Sync="TRUE">0</attscale></attr><attr><attrlabl Sync="TRUE">how_drille</attrlabl><attalias Sync="TRUE">how_drille</attalias><attrtype Sync="TRUE">String</attrtype><attwidth Sync="TRUE">50</attwidth><atprecis Sync="TRUE">0</atprecis><attscale Sync="TRUE">0</attscale></attr><attr><attrlabl Sync="TRUE">drilling_c</attrlabl><attalias Sync="TRUE">drilling_c</attalias><attrtype Sync="TRUE">String</attrtype><attwidth Sync="TRUE">100</attwidth><atprecis Sync="TRUE">0</atprecis><attscale Sync="TRUE">0</attscale></attr><attr><attrlabl Sync="TRUE">driller_na</attrlabl><attalias Sync="TRUE">driller_na</attalias><attrtype Sync="TRUE">String</attrtype><attwidth Sync="TRUE">50</attwidth><atprecis Sync="TRUE">0</atprecis><attscale Sync="TRUE">0</attscale></attr><attr><attrlabl Sync="TRUE">driller_li</attrlabl><attalias Sync="TRUE">driller_li</attalias><attrtype Sync="TRUE">String</attrtype><attwidth Sync="TRUE">50</attwidth><atprecis Sync="TRUE">0</atprecis><attscale Sync="TRUE">0</attscale></attr><attr><attrlabl Sync="TRUE">driller__1</attrlabl><attalias Sync="TRUE">driller__1</attalias><attrtype Sync="TRUE">Integer</attrtype><attwidth Sync="TRUE">10</attwidth><atprecis Sync="TRUE">10</atprecis><attscale Sync="TRUE">0</attscale></attr><attr><attrlabl Sync="TRUE">driller_fi</attrlabl><attalias Sync="TRUE">driller_fi</attalias><attrtype Sync="TRUE">String</attrtype><attwidth Sync="TRUE">50</attwidth><atprecis Sync="TRUE">0</atprecis><attscale Sync="TRUE">0</attscale></attr><attr><attrlabl Sync="TRUE">verified_t</attrlabl><attalias Sync="TRUE">verified_t</attalias><attrtype Sync="TRUE">String</attrtype><attwidth Sync="TRUE">50</attwidth><atprecis Sync="TRUE">0</atprecis><attscale Sync="TRUE">0</attscale></attr><attr><attrlabl Sync="TRUE">abandoned_</attrlabl><attalias Sync="TRUE">abandoned_</attalias><attrtype Sync="TRUE">String</attrtype><attwidth Sync="TRUE">50</attwidth><atprecis Sync="TRUE">0</atprecis><attscale Sync="TRUE">0</attscale></attr><attr><attrlabl Sync="TRUE">date_aband</attrlabl><attalias Sync="TRUE">date_aband</attalias><attrtype Sync="TRUE">Date</attrtype><attwidth Sync="TRUE">8</attwidth><atprecis Sync="TRUE">0</atprecis><attscale Sync="TRUE">0</attscale></attr><attr><attrlabl Sync="TRUE">status</attrlabl><attalias Sync="TRUE">status</attalias><attrtype Sync="TRUE">String</attrtype><attwidth Sync="TRUE">50</attwidth><atprecis Sync="TRUE">0</atprecis><attscale Sync="TRUE">0</attscale></attr><attr><attrlabl Sync="TRUE">flowing</attrlabl><attalias Sync="TRUE">flowing</attalias><attrtype Sync="TRUE">String</attrtype><attwidth Sync="TRUE">50</attwidth><atprecis Sync="TRUE">0</atprecis><attscale Sync="TRUE">0</attscale></attr><attr><attrlabl Sync="TRUE">depth_wate</attrlabl><attalias Sync="TRUE">depth_wate</attalias><attrtype Sync="TRUE">Double</attrtype><attwidth Sync="TRUE">19</attwidth><atprecis Sync="TRUE">18</atprecis><attscale Sync="TRUE">8</attscale></attr><attr><attrlabl Sync="TRUE">aquifer</attrlabl><attalias Sync="TRUE">aquifer</attalias><attrtype Sync="TRUE">String</attrtype><attwidth Sync="TRUE">8</attwidth><atprecis Sync="TRUE">0</atprecis><attscale Sync="TRUE">0</attscale></attr><attr><attrlabl Sync="TRUE">priority</attrlabl><attalias Sync="TRUE">priority</attalias><attrtype Sync="TRUE">Integer</attrtype><attwidth Sync="TRUE">5</attwidth><atprecis Sync="TRUE">5</atprecis><attscale Sync="TRUE">0</attscale></attr><attr><attrlabl Sync="TRUE">well_use</attrlabl><attalias Sync="TRUE">well_use</attalias><attrtype Sync="TRUE">String</attrtype><attwidth Sync="TRUE">50</attwidth><atprecis Sync="TRUE">0</atprecis><attscale Sync="TRUE">0</attscale></attr><attr><attrlabl Sync="TRUE">welluse_pr</attrlabl><attalias Sync="TRUE">welluse_pr</attalias><attrtype Sync="TRUE">Integer</attrtype><attwidth Sync="TRUE">5</attwidth><atprecis Sync="TRUE">5</atprecis><attscale Sync="TRUE">0</attscale></attr><attr><attrlabl Sync="TRUE">calc_loc</attrlabl><attalias Sync="TRUE">calc_loc</attalias><attrtype Sync="TRUE">String</attrtype><attwidth Sync="TRUE">3</attwidth><atprecis Sync="TRUE">0</atprecis><attscale Sync="TRUE">0</attscale></attr><attr><attrlabl Sync="TRUE">ver_loc</attrlabl><attalias Sync="TRUE">ver_loc</attalias><attrtype Sync="TRUE">String</attrtype><attwidth Sync="TRUE">3</attwidth><atprecis Sync="TRUE">0</atprecis><attscale Sync="TRUE">0</attscale></attr><attr><attrlabl Sync="TRUE">network</attrlabl><attalias Sync="TRUE">network</attalias><attrtype Sync="TRUE">String</attrtype><attwidth Sync="TRUE">50</attwidth><atprecis Sync="TRUE">0</atprecis><attscale Sync="TRUE">0</attscale></attr><attr><attrlabl Sync="TRUE">field_visi</attrlabl><attalias Sync="TRUE">field_visi</attalias><attrtype Sync="TRUE">Integer</attrtype><attwidth Sync="TRUE">10</attwidth><atprecis Sync="TRUE">10</atprecis><attscale Sync="TRUE">0</attscale></attr><attr><attrlabl Sync="TRUE">swl_meas</attrlabl><attalias Sync="TRUE">swl_meas</attalias><attrtype Sync="TRUE">Integer</attrtype><attwidth Sync="TRUE">10</attwidth><atprecis Sync="TRUE">10</atprecis><attscale Sync="TRUE">0</attscale></attr><attr><attrlabl Sync="TRUE">samples</attrlabl><attalias Sync="TRUE">samples</attalias><attrtype Sync="TRUE">Integer</attrtype><attwidth Sync="TRUE">10</attwidth><atprecis Sync="TRUE">10</atprecis><attscale Sync="TRUE">0</attscale></attr><attr><attrlabl Sync="TRUE">report_lin</attrlabl><attalias Sync="TRUE">report_lin</attalias><attrtype Sync="TRUE">String</attrtype><attwidth Sync="TRUE">86</attwidth><atprecis Sync="TRUE">0</atprecis><attscale Sync="TRUE">0</attscale></attr><attr><attrlabl Sync="TRUE">all_water_</attrlabl><attalias Sync="TRUE">all_water_</attalias><attrtype Sync="TRUE">String</attrtype><attwidth Sync="TRUE">254</attwidth><atprecis Sync="TRUE">0</atprecis><attscale Sync="TRUE">0</attscale></attr><attr><attrlabl Sync="TRUE">yield_gpm</attrlabl><attalias Sync="TRUE">yield_gpm</attalias><attrtype Sync="TRUE">String</attrtype><attwidth Sync="TRUE">254</attwidth><atprecis Sync="TRUE">0</atprecis><attscale Sync="TRUE">0</attscale></attr><attr><attrlabl Sync="TRUE">pumping_wa</attrlabl><attalias Sync="TRUE">pumping_wa</attalias><attrtype Sync="TRUE">String</attrtype><attwidth Sync="TRUE">254</attwidth><atprecis Sync="TRUE">0</atprecis><attscale Sync="TRUE">0</attscale></attr><attr><attrlabl Sync="TRUE">dnrc_water</attrlabl><attalias Sync="TRUE">dnrc_water</attalias><attrtype Sync="TRUE">String</attrtype><attwidth Sync="TRUE">50</attwidth><atprecis Sync="TRUE">0</atprecis><attscale Sync="TRUE">0</attscale></attr></detailed></eainfo><mdDateSt Sync="TRUE">20231206</mdDateSt></metadata>
