,pumping_rate,Q,67037,69402,151061,151101,151143,151161,151179,151188,151189,151190,151191,157208,157211,209148,209254,209255,Q_win,pumping_rate_win
1995-11-01,-0.9052699867657699,-0.3962754069609461,23.03,,31.84,10.83,24.19,36.17,22.29,8.84,28.28,66.59,34.62,,,39.03,,,,
1995-12-01,-0.8399701794063208,-0.10420596614057047,23.335378683669372,,32.11913183304996,10.889102436641453,24.189989274131207,35.10252639027545,21.645145786772222,8.817823383115872,27.76,65.96,34.53484970719729,,,38.52064193326989,,,,
1996-01-01,-0.9158722140126095,-0.3424302027873573,22.121695085535222,,32.77178019519643,10.194962133259049,24.47795914035401,35.93116479427805,23.41772487356659,8.008192888900371,28.43,66.82,35.16397668641813,,,38.89829969450053,,,,
1996-02-01,-0.8022401798435326,0.09812146772382381,21.23,57.8,33.63,12.23,24.47,35.07,23.83,9.05,27.97,67.11,35.24,,,38.451443809142326,,,,
1996-03-01,-0.6927425780557378,-0.17599957170535555,22.471924608483096,59.749876756109785,32.98468093366449,10.465310645822404,24.744096319957734,36.03675819918834,23.283393409730362,8.297132271241189,28.5,66.97,35.24,,,38.95,,,,
1996-04-01,-0.7868356185482301,1.7656911242513316,22.195628878505236,58.772786339919406,32.24176144905638,9.981699125564683,23.974048596773372,35.362923069324005,22.413317284463737,7.857990128368929,27.52,67.12,34.385201272511246,,,37.97796304310351,,,,
1996-05-01,-0.33321760776085446,3.1493497042271894,18.775,51.41,25.932759654115404,6.99,18.07010238699865,29.03,18.95,3.84,24.71,59.88,24.57,57.72,,26.77,,,,
1996-06-01,0.6392900840628041,3.410417360826408,18.333538176224337,49.69262130201718,23.78,5.6982791561058,15.74,27.247331522155513,16.530621772542247,3.6418686502366633,21.785,56.74,21.57507932493135,56.01792001150538,27.21,24.260568147703154,,,,
1996-07-01,1.9544058704736544,0.18949514753355026,19.426725321119854,51.6580376134645,23.929598536107672,6.921294941470565,16.182252911425913,28.9660029601431,17.843897102030162,4.84168451660873,23.37,58.2,24.42550294834723,58.03349597686483,27.427732569439087,27.481142533211006,,,,
1996-08-01,0.970726635574661,-0.4305405368895935,22.63,54.83,28.08,10.58,20.7,32.8,20.66,7.66,25.36,62.0,31.26,62.49,31.69,33.93,,,,
1996-09-01,-0.2196527193879866,-0.4713323582332214,21.795579975656217,55.98610143687971,29.362370679006876,9.330735733554972,21.416907892093256,33.044532683399176,20.391097727750434,7.256205750676955,26.09,63.75000000000001,31.03620380258011,64.19,32.848453726506946,34.59615521831605,,,,
1996-10-01,-0.5440885477362702,-0.4501206111345349,22.797851808673,57.75597469026515,31.33214348136458,10.458880145975312,23.40376341311886,34.58202118247412,21.585368278202743,8.361420575610289,27.56,64.95201669954447,33.59936596505094,64.85149565188136,34.86054712679819,37.512165847984356,,,0.5201808458925603,-0.2062889201171827
1996-11-01,-0.9609960409184123,-0.45501562969577025,23.22,58.38,33.13,11.097752836136527,25.93,36.66,22.56,9.04,28.19,66.5,34.63,66.93,36.64,39.73,12.06,,0.515285827331325,-0.21093275796323627
1996-12-01,-0.817248135943675,-0.48601741391692743,23.985053461002177,59.54141975500122,33.72915896194293,11.98,25.741588178345296,36.34279394949191,22.540313770067755,9.521934000653339,28.69,67.44,36.52080108360082,67.0176966585424,37.25374184540686,40.6755033100853,12.698944129147907,,0.4834682066832952,-0.2090392543413491
1997-01-01,-0.7155142668425979,-0.31306009141994523,22.401353853077552,60.35356217843992,33.510270351365136,10.485544109332368,25.176677155627885,36.489948649433,23.78199987209533,8.298228606185607,28.78,67.625,36.04934570677994,67.34495991326312,36.976077271998925,39.83541703424492,11.320704312933888,,0.4859157159639129,-0.19234275874384812
1997-02-01,-0.9340973363756739,-0.4289088640358484,22.685005496172916,60.611134860061505,33.92182078199984,10.738904443143921,25.59777983761756,36.77673595793749,23.879183649507308,8.559505180722386,28.97,68.02,36.56388481626751,67.68869866614128,37.39069511587464,39.92,11.561667365413122,,0.44199652165060693,-0.20333085512152657
1997-03-01,-0.632911495447252,-0.36201027703229866,23.06,59.83,33.6,10.93,25.67,36.48,24.0,8.5,28.73,67.7,35.96,67.145,37.15,39.98751122833185,12.22,,0.42649562954002823,-0.19834493157081942
1997-04-01,-0.6673777237786601,0.34939908720057156,21.762782438621336,57.85635644260021,30.98454640141934,9.588598376600777,22.820067688782686,34.44345379488948,21.93841797314195,7.452796996087706,27.15,65.38269214992812,32.95138061376175,64.83190470349669,34.44966412689369,36.52899706688476,10.808051056051543,,0.30847129311913163,-0.1883901070066886
1997-05-01,0.06942253695028774,4.519954901373087,19.13238557878969,53.32,22.35,4.78,13.93,27.33,15.7,3.03,23.775,57.04,22.58,56.5,25.78,26.78,6.15,,0.42268839288128973,-0.1548367616140934
1997-06-01,-0.2717281723185037,4.2588872447738675,17.48317236101354,47.87787284991172,19.38564033623941,4.86054945086053,11.787927172855213,25.506267420205162,15.496371533559405,2.795335751715914,20.86,53.9,18.83454610508118,53.806339437884276,22.87662507363339,21.414849535786836,7.2640268116357465,,0.49339421654357807,-0.23075494964586904
1997-07-01,0.6405352295164424,0.5321464468200244,18.972867163396998,50.70185650423373,22.254250851367505,6.664838934708369,14.737951058999855,27.818996943430705,17.569080052754437,4.5368849341696205,23.45,54.94766215109226,22.70350317237252,56.4178866719164,25.84498961880726,25.92763965050994,8.501217787495477,,0.5219484914841175,-0.3402441697256367
1997-08-01,0.6895206767602289,-0.18905295453531645,20.721480091849813,53.25,27.24,9.23,19.98,31.27,19.53,7.5,24.93,61.12,29.2,60.66,30.75,32.78,11.13,,0.5420724566803072,-0.3636779996268394
1997-09-01,-0.22678541702436464,-0.33916685707986705,21.424271028856758,55.202223937201424,28.25396360345773,9.007559942988271,20.40769645259347,32.24101473293192,20.004943521623794,6.919447032933288,25.815,62.13490669869714,29.788834607102082,62.00637528164965,31.770993972865057,33.35210853159854,10.554030560708792,,0.5530862484430867,-0.36427239109653753
1997-10-01,-0.8139118798671137,-0.2967433628824941,22.243059476761534,56.57639547516117,29.811825565216207,9.913323388883137,21.9837429044708,33.44903880850555,20.914673006951105,7.809905858085081,26.96,63.1,31.81548973659863,63.41203205188677,33.362217674236064,35.660112181419684,11.238156024234442,,0.5658676857974235,-0.38675766877410783
1997-11-01,-1.0813513381487376,-0.3440618756411024,22.74,57.08,32.63,10.43,24.1,34.77,21.72,9.52,27.68,65.28,33.15,64.85,36.07,36.33,11.6,,0.5751138319686458,-0.39678727687663495
1997-12-01,-1.023023633149359,-0.41422380835214234,23.69241543131203,58.92612735356732,32.86919969071924,11.344317913150393,24.955626276742947,35.71729386526847,22.23110518308512,9.253051539998705,28.46,66.21461722406504,35.547373902023274,66.19986568012608,36.41620616732823,39.69890793927993,12.454280579321441,,0.581096632432378,-0.4139352349771086
1998-01-01,-1.1022936080244656,-0.4468572654270447,22.374387141560206,60.2968643232958,33.35245211304205,10.495371732368783,25.052504465817776,36.39175269019115,23.801193982127728,8.299441565822743,28.86,67.2,35.91103545276494,67.18976230074908,36.83368689286937,39.7369029413445,11.297337624102454,,0.5699468679317863,-0.4461668467422643
1998-02-01,-1.3286816439175495,-0.4958074510393981,22.708274313615004,60.6617023106449,33.948334949042874,10.778347167792846,25.63300820478159,36.805356064857264,23.931401789562962,8.595406665045392,29.045,67.94687259496305,36.61620047347137,67.71128880536705,37.422773105034295,40.48666938364797,11.580644335875732,,0.5643719856814905,-0.47904887237075383
1998-03-01,-1.0526124352517328,-0.3881170426922205,19.48,61.14,34.79,11.1,26.4,36.71,24.07,9.34,29.18,68.215,36.78,67.74,38.3,39.28,12.08,,0.562196421876497,-0.5140239506877939
1998-04-01,-0.9042613257107462,-0.034044033429530524,22.761156852246877,60.005651991123955,33.47969194380455,10.68769244150654,25.221844302581403,36.366027588679,23.32745847802629,8.53580573997339,28.585,67.69,36.025792586901154,67.17926899028525,36.94986271316489,39.861188926265335,11.636954293429973,,0.5302428284906552,-0.5337642508488012
1998-05-01,-0.10928401421672541,1.3545095651075625,21.3666942526609,56.59746387857153,30.68542915067056,8.64159068954289,20.25,33.915364231368,19.18,6.628072655843727,25.0,68.27,28.3,64.5782909879473,33.97477715434697,31.31,10.496269754455465,,0.26645571713519484,-0.5486564634460522
1998-06-01,-0.8007052239939607,1.2810842866890324,20.065584545873797,53.85,27.17,7.0,18.24596591590801,31.02,18.854434524610873,4.88,24.08,61.370000000000005,27.01574329308631,60.92,30.65,30.069192099016554,9.21,,0.018305470628125264,-0.592737884419007
1998-07-01,0.7193554021838598,0.5876233238473584,19.693190801416304,52.240573324242966,24.85421324938873,7.108351631321886,16.99528265708362,29.615316569825282,18.069683294366868,5.04882513516225,23.435,59.82000000000001,25.410489931933576,58.92335123612447,28.310942520411835,28.407064926215263,9.107913828180166,,0.022928543713736427,-0.5861695366967222
1998-08-01,1.4892774966015456,-0.43706722830457395,22.23,52.89,26.84,9.59,20.59,31.73,20.16,7.9,25.11,60.66,30.9,59.78,30.32,34.43,11.78,,0.002260687566298302,-0.5195231350432791
1998-09-01,0.11772126456740523,-0.5007024696006335,21.600557148104997,55.581065247383286,28.738991132296167,9.18220497506894,20.86093719049402,32.60323401956324,20.22233072366405,7.095700380961635,26.01,62.72060774420379,30.358863185298652,62.46598260942053,32.24926230909393,33.94466743740876,10.700873157761265,,-0.0112006134770989,-0.49081424491063164
1998-10-01,-0.5724182095353295,-0.4403305740120642,22.682385120702907,57.5199875823207,31.055566558132146,10.333266141133672,23.136221977303023,34.3696376486922,21.43447819903125,8.237358937379131,27.4,64.7,33.25745779519708,64.59295354990249,34.583090224039324,37.14013170916254,11.604483277955946,,-0.02316621440456308,-0.470689772382983
1998-11-01,-0.9659347395291273,-0.4174871540596326,23.15,57.33,32.06,10.83,24.18,34.93,21.35,9.06,28.17,65.61,33.85,65.15,35.55,37.28,12.1,,-0.02928498760610726,-0.4610717224980155
1998-12-01,-0.9208300069787916,-0.4631739939644958,23.733268618929017,59.01374798669359,32.99316725364159,11.37973665025118,25.06824659405644,35.80715353473446,22.274229423442105,9.290000422718286,28.49,66.39673801726164,35.68654350861443,66.31811763536986,36.53661657511434,39.837318108906125,12.48843544465586,,-0.03336416974047005,-0.45255558698380155
1999-01-01,-0.9339402467216854,-0.4501206111345349,22.255684825623188,60.040302004328396,33.123846986964,10.334953475913347,24.811575336805483,36.19798925902909,23.593358217033494,8.14774661163677,28.6,67.19864080096261,35.58709921579709,66.97975962497131,36.592766486646916,39.34712471095431,11.199520397734116,,-0.033636115216094234,-0.43852614020856984
1999-02-01,-1.1691313977694437,-0.523545889553065,22.69262841413837,60.6276486927532,33.93398656539823,11.06,26.31,36.78789239651855,23.99,9.04,28.99,68.01,36.58315040612485,67.5,37.40408466772598,40.38,12.23,,-0.03594765175889981,-0.4252302863628943
1999-03-01,-0.8945998766667795,-0.32937681995739637,23.36,60.02,34.58,10.900059827165935,25.823857199031693,36.71,23.83498284011141,8.732373582622351,29.015,68.27,36.25,67.83936474855756,38.06,40.706689526426324,11.742804284309464,48.16,-0.031052633197664464,-0.41206257314748146
1999-04-01,-0.6021738764961069,-0.07973087333439374,22.7252180465409,59.9287016292105,33.36196376778014,10.660324521261922,25.117083668118696,36.28253974806234,23.29496157930896,8.506223770094305,28.57,67.495,35.89806299393029,67.06643736370664,36.83675668233273,39.73861241812758,11.60681428463533,46.822426161392805,-0.03485986985640307,-0.38688861904626165
1999-05-01,0.3849508001038822,0.780160720589282,20.658459656953088,55.09633396076734,27.344678419083746,8.548314784375878,19.512981213300876,31.747831285313886,20.41805043004866,6.389015871725665,26.045,60.33317996842424,28.81669456796015,61.31855832557708,30.900808432593408,32.381550171597375,9.891275910778841,39.903980568167825,-0.08272227356625977,-0.3457023845195442
1999-06-01,0.07666163782492359,2.1067107506840608,18.59,52.49,25.35,6.01,17.79,29.7,19.28,4.7,23.52,59.89,25.3,59.45,28.79,29.68,8.68,38.52,-0.013920068233340724,-0.27258847936797065
1999-07-01,1.4874911908563526,0.02306451645154851,20.300613955317868,53.55464675469363,25.944443656454776,7.964023096219281,18.17597135152281,30.566120439874496,19.183136702271614,5.851892997906333,24.87,59.50773823913258,27.019490078560175,59.917182496631526,29.477891853194023,30.394147182920655,9.60760349975574,38.463531558786286,-0.0609666355163249,-0.2085771636452629
1999-08-01,1.007577788060004,-0.43706722830457395,21.440585096023923,55.61179103225479,28.869690824783863,8.97660452745057,20.89500148341977,32.681574927203336,20.18556078231562,6.900506167637069,25.735,63.48,30.380347896344013,62.651244420715095,32.34092834035819,33.827277059421924,10.564496217614437,41.94032294010001,-0.0609666355163249,-0.24871880602372468
1999-09-01,0.12047031738910785,-0.5300725809680455,22.93,56.7,30.57,10.07,22.46,33.65,21.25,7.452998189287246,26.25,64.755,32.58,64.15,34.05,36.21,11.95,43.6,-0.06341414479694257,-0.2484897182885828
1999-10-01,-0.8040382692705795,-0.5023341424543786,22.801312859611905,57.774888979618616,31.427857256021287,10.431388058912328,23.47155283582029,34.63706557640442,21.552861724155147,8.341076993233823,27.47234903171236,65.27593107760677,33.6695677477173,64.94877852273669,34.94306193117089,37.54413128415516,11.704034857940332,44.78292841433353,-0.0685811088338021,-0.26779138993318696
1999-11-01,-1.0665022728830391,-0.48764908677067254,23.21,57.85,32.45,11.38,24.72,34.33,22.25,9.04,28.29,66.175,34.0,65.55,35.94,37.78,12.252638058755746,46.02,-0.07442793655972209,-0.27617201771267963
1999-12-01,-0.9693367686352079,-0.508860833869359,24.00666321629718,59.5996507073621,33.85381062938093,11.603200007438199,25.842269812670196,36.424386121897655,22.54335581523346,9.52680976492515,28.65,67.74,36.63685433874161,67.14098205594425,37.36811266209747,40.76649696942459,12.717339559145085,47.586763774647515,-0.07823517321846069,-0.2802142478507143
2000-01-01,-0.942177837279361,-0.551284328066732,22.639212138610045,60.86468743544939,34.167072141309944,10.720153854378806,25.789775222259998,36.97989270313288,24.07383037293179,8.535245262993516,29.04,68.42476398518565,36.81991707460296,67.96749877127482,37.623351676477036,40.63516411607737,11.51886080324249,47.6599184718277,-0.08666548296281044,-0.2809007137305206
2000-02-01,-1.0550709129819629,-0.5251775624068102,23.03652608626489,61.35416401796848,34.86394308873591,11.091350152202251,26.482769946783286,37.48236997590438,24.31108146199533,8.914160823602451,29.37,69.12076778586086,37.67890851437574,68.57899125862946,38.32187964362307,41.35,12.09,48.47510510692977,-0.08680145570062255,-0.2713956733315639
2000-03-01,-0.9194343777350346,-0.4697006853794763,23.63,61.0,35.4,11.13,27.02,37.51,24.15,9.1,29.54,69.36,37.25,68.84,38.9,42.05522437428758,12.081244765878282,54.9,-0.09849511115246255,-0.2734652150872518
2000-04-01,-0.5925573832579312,0.4391410941565529,23.31277218993401,61.179755201469696,34.90114936799969,11.26948403228168,26.574596343075534,37.44637130135945,24.05075870785486,9.114507530666046,29.29984751658098,69.17,36.7,68.51896377895936,38.36496560938649,41.69408263672934,12.09570762357452,48.57933107398285,-0.055255780528216995,-0.2726638406507372
2000-05-01,0.2100281789720904,0.6724703122421043,21.073586194433492,55.97027954855488,28.846824196380478,8.795520179655009,20.81400152357579,32.78115876608697,20.686900185047598,6.677542721578764,26.00967710252521,63.18955851893237,30.37272392800609,62.76554038046858,32.32330467031445,33.798591526418015,10.241268835013372,41.787224431442134,-0.06422998122381514,-0.28724072574505316
2000-06-01,0.9053878425625417,0.3167656301256692,19.9,56.16,29.02,8.01,20.9,32.08,21.02,4.99,25.205,63.56,36.87,63.1,32.52,34.91,10.27,42.49,-0.21339207460368112,-0.21818020868358498
2000-07-01,2.4161875128616437,-0.5153875252843395,21.179613755530074,55.432727825078686,28.238372581694176,8.882511050029825,20.351897964071043,32.3046775366097,20.327889921697263,6.767447564388629,25.984132166581084,61.962015489795235,29.77933466426162,62.08171158657117,31.757781892676952,33.324832196219454,10.33875539534532,41.07564730766496,-0.25826307808167176,-0.14078884851647736
2000-08-01,2.082491355132191,-0.7124936060167494,23.71,58.85,32.35,10.39,23.393476540053534,35.68,21.81,8.38,28.0,64.3444152575374,35.73,66.89,36.15,38.58,12.42,45.47,-0.28121527622435305,-0.05121271792712848
2000-09-01,-0.333044500959952,-0.6677857698241333,22.907258465338337,58.38276718461322,31.91063746521127,10.65509608690382,23.94039255439975,35.067588820619946,22.08206472995337,8.539632914959707,27.99,65.3964530355264,34.318915036291905,65.44202088617891,35.441945054501886,38.284863223946054,11.78505856464243,45.24802540974358,-0.2926913752956937,-0.08900561945621681
2000-10-01,-0.7356185271466027,-0.5251775624068102,23.36162561764015,58.96948912390806,32.75280576400668,11.074427902873564,24.767682781965654,35.67365600317939,22.36242601812271,8.969053383891403,28.355,66.30175843755349,35.34259658898166,66.18888408600431,36.28205336846683,39.39492578019556,12.168730974810344,46.23801753808704,-0.294594993625063,-0.08330397427921873
2000-11-01,-0.96667335710723,-0.5888128037028697,23.51,59.16,33.64,11.16,25.85,36.46,23.47,9.38,28.8152633633596,67.59183532976944,35.46,67.0,37.14,39.4,12.45,47.38,-0.30302530336941275,-0.07498489796456798
2000-12-01,-0.8242420137001978,-0.636131316461478,24.315020973855223,60.25172339818835,34.55707093215477,11.965370791842195,26.537521087862125,36.9798789551782,22.9973571099912,9.878777058916413,29.16,68.21562958511763,37.538898120497585,67.79681556348686,38.0827636871966,41.77711490751093,12.97293579031442,48.35006338890326,-0.313631176918756,-0.06289366838665046
2001-01-01,-0.8004316288287253,-0.6524480449989292,22.907456094746866,61.443125843538105,34.77317549246891,11.04355582927816,26.39292223437546,37.46355424614648,24.487363900857986,8.847891131902266,29.51,68.78681476877425,37.60665424825168,68.53292128712475,38.241879540135876,41.524409218229714,11.740876081944013,48.31030468729559,-0.3220614866631058,-0.05108148434909749
2001-02-01,-1.0491035007880345,-0.6606064092676548,23.273864118341358,61.87886805831795,35.39075095211963,11.388371083300827,27.012585987030008,37.90929632935749,24.700188818672256,9.199209195816916,29.82,69.36985979116766,38.37554561045402,69.07042317812454,38.863079036768944,42.377110503183125,12.05053920555125,49.03035754879436,-0.33334722390150956,-0.05058419999960346
2001-03-01,-0.776911584112144,-0.5773910937266539,23.61,61.98930435042196,35.61520579663036,12.55,27.62,38.13,25.1,9.2,29.95,69.50742932153008,38.38,69.231421499654,39.095312797512804,41.68,12.63,49.3,-0.3423214245971076,-0.03870730053102925
2001-04-01,-0.7218972035363674,-0.4501206111345349,23.6017432617126,61.3,35.5,11.695195654169892,27.120803220384794,37.888603348001006,24.61482280920288,9.510960912348917,30.04,68.87897167225081,38.49945648965828,69.0,39.1,42.649061229650805,12.332822254693685,49.02500623018654,-0.4164265667046983,-0.049485618887565606
2001-05-01,0.7029128404004894,0.5517265210649658,22.77691380499408,59.66526726005651,32.08326987880342,11.123400406949637,24.244782484303848,35.54293070178796,23.71409839834076,8.874341187837189,29.82,62.999531150893134,35.000541745494,65.73514388738074,35.74580245490881,39.39982810205952,11.6441194883418,44.96612022678253,-0.4264885493027932,-0.008411897101865684
2001-06-01,0.5960328467205497,0.5403048110887501,21.3,55.96,29.09,8.32,21.03,32.48,20.62,5.71,25.735,63.10261857613407,30.09,62.37,32.59,33.51,9.99,42.25,-0.40786028422253645,-0.03419148008869835
2001-07-01,1.6725410112877195,-0.3718003141547694,21.329798986225285,55.77027941018606,28.516047124795595,9.097273891262164,20.65151177454409,32.54774790998214,20.61538542103024,6.968507602835128,26.35,61.88406859047726,30.188448175081426,62.33643581216845,32.054797982456805,33.82912188028025,10.46208145781572,41.338969623226824,-0.39589468329507227,-0.09616202188652538
2001-08-01,2.025610808800032,-0.6296046250464976,23.66,58.55,31.94,10.46,23.5,34.78,21.59,8.42,26.865,64.27939833996786,34.3,65.64,35.46,37.68,12.45,45.24,-0.3889872682142179,-0.10090206741420527
2001-09-01,1.0376745783299959,-0.6824708255078393,22.72193953494549,57.99526533808688,31.535318750368628,10.419443592632954,23.554540028397042,34.759491766456996,21.786426492550447,8.31424731366986,27.63,65.28716501524231,33.80825379207591,65.09622647957988,35.05233970934806,37.68682557550503,11.63183665845537,44.860149389731596,-0.3902110228545268,0.013324522526623722
2001-10-01,-0.39173146545128834,-0.5773910937266539,23.38566960359119,59.034804421834245,32.76057575289647,11.130506503513532,24.793579839420886,35.69701891679827,22.445978351224852,9.017999814844561,28.48,66.11418065749129,35.39098664839292,66.19306302151023,36.3007206673079,39.48247192714458,12.187818138287557,46.218835729566585,-0.39456215046451376,0.04198177766789992
2001-11-01,-0.7291014416650021,-0.5741277480191637,23.79257172633533,59.53,33.61,10.85,25.06,36.04,21.46,8.86,28.65,67.33,34.1,66.79,37.01,38.58,12.53299503196364,46.83,-0.39333839582420493,0.06177943728808557
2001-12-01,-0.5717860504746798,-0.6328679707539878,24.452601453532075,60.5623935707692,34.78630308906439,12.173660274837792,26.795702248791308,37.19000847728954,23.277940622708257,10.071871487239129,29.53,68.04060543471765,37.89884192364958,68.00470632134818,38.3341895360573,42.23774051612933,13.085613589917447,48.55200055919287,-0.39306645034858073,0.08281743422354541
2002-01-01,-0.7564570333656608,-0.6263412793390073,22.889542038344203,61.404854535389674,34.70879987441147,11.032401788773695,26.336969894241136,37.41902608364206,24.474736028005946,8.835063761202086,29.51,68.66678160199483,37.539506568175604,68.47090008531868,38.18078777554437,41.462773992122244,11.725790952430739,48.22996769752266,-0.3908908865435872,0.08648198384546744
2002-02-01,-1.0069032615507227,-0.641515836878837,23.298432420992107,61.93221415129178,35.421772034842476,11.428694104849066,27.051766312376948,37.941063163189064,24.753425148541176,9.236096059012027,29.8952139378611,69.30478625092947,38.432632596594466,69.09734697390998,38.89945376898529,42.456251071398235,12.07060869004351,49.05210766842455,-0.3893000055111857,0.08999867044857675
2002-03-01,-0.6744990845733481,-0.5969711679715952,23.91,62.29,36.82,11.53,28.47,38.42,24.81,9.65,30.22,69.508248962148,38.39,70.0,40.29,43.47,12.5,50.69,-0.39093167836493087,0.09853304541014309
2002-04-01,-0.5441292286176043,0.027959535012783854,23.651343169073616,61.92541464751903,35.479460220620794,11.766005967930356,27.215804146938353,37.96514257199242,24.707091480656832,9.577260689492928,30.159999999999997,68.8448516874261,38.62952755219005,69.04385876121029,38.992864123287866,42.8111166545897,12.373601810208182,49.10635796715034,-0.3510916661859876,0.11334704332004003
2002-05-01,0.15651992153880034,0.3200289758331595,22.50364292243069,59.07414842428297,31.588538091169955,10.740304729127379,23.710818678198805,35.11300174680159,23.215839246391663,8.51448549531737,29.18,63.12295512859164,34.274076398205715,65.28371619524687,35.217287980817815,38.50546833027881,11.419270364387412,44.49305785635253,-0.37039979495530484,0.06781430008156594
2002-06-01,0.32290753161439384,1.7412160314451548,18.43,54.83,27.2,6.44,19.34,31.18,18.44,3.82,27.406179082279824,63.01433672018729,27.28,62.29,30.7,30.69,7.93,39.84,-0.27032385992560437,0.04505385715605296
2002-07-01,2.0434160073606087,-0.12052269467802162,21.58971005647777,56.33080447565728,29.09961414310354,9.412249912484645,21.233490582897723,33.01448746885015,21.018398343244904,7.272690572137282,26.810269672711645,62.22,30.948479282791844,62.880529505823965,32.65104180127783,34.690394004777026,10.677159840597206,41.96342621833495,-0.2493840583025421,0.07596010682879373
2002-08-01,1.2259563982750947,-0.5219142166993199,22.17120735703036,57.18993709116774,30.344497392679504,9.934396432865489,22.422352727650406,33.90885611196659,21.422330425193355,7.811382955337685,27.2463733129962,63.76,32.41559565097405,64.0125782791439,33.87987926178589,36.232766638234374,11.167301194132936,43.439947540526354,-0.24040985760694392,0.009322239285048939
2002-09-01,0.28819159333683275,-0.5969711679715952,22.48361255225214,57.47874301232997,31.169967655791805,10.05644180880788,23.13221576658659,34.41836916449165,21.310412084040873,7.978130565767035,26.985,65.66,33.215096382072694,64.76964458163138,34.646145023484216,36.91305229175604,11.436454366788485,44.54967413225172,-0.2332848861455903,-0.05313467613104799
2002-10-01,-0.5158280954900549,-0.5839177851416343,23.04,58.03,32.52,10.83,24.37,35.13,22.02,9.06,28.035,66.47,33.89,66.17,36.05,37.6,12.41,45.95,-0.23382877709683866,-0.06347606196761187
2002-11-01,-0.8651788561361361,-0.5757594208729088,23.875602331751193,59.70808802915922,33.87652774314503,11.514936038634021,25.830052419979225,36.47001240832643,22.677138932606194,9.428940076362892,28.675,67.81,36.64353161414696,67.21201024703774,37.38473616596425,40.74085952386229,12.03,47.588144402848464,-0.23396474983465074,-0.07481584650687303
2002-12-01,-0.779277238859826,-0.6165512422165367,24.55111423445689,60.77194132252832,35.20122794434559,12.208380225961493,27.14334023985866,37.46604327624022,23.309180353411467,10.121889132988162,29.45,68.945,38.305329996874654,68.40760736347134,38.72057131118575,42.58241650926663,13.169228036091933,49.08784413486773,-0.2326050224565298,-0.0921067788723019
2003-01-01,-0.7852763997384061,-0.6296046250464976,23.340473225905576,62.37632327810382,35.78867113932708,11.549407147448706,27.390881382471903,38.26328698304933,25.13165836492719,9.34009039859022,30.22,69.52,38.8993237197733,69.4833095195065,39.271048521629105,42.96337732631553,12.099668709828393,49.417463249612716,-0.23287696793215404,-0.09450839273669732
2003-02-01,-1.0398969027849516,-0.5822861122878892,23.59418353778695,62.56661868541507,36.31342794662018,11.687633690582098,27.863268458891085,38.58862729661078,25.069249008317946,9.505533441114487,30.12,70.6,39.43659284453714,69.94753772025473,39.766354842176966,43.45770781196919,12.31780561346427,50.11414775089755,-0.22794115754957503,-0.09725786283954974
2003-03-01,-0.7855270402176843,-0.24452983156265037,23.677388868917163,62.35474467118055,36.198683919298645,11.711164370531362,27.77844341749622,38.46495401941789,24.851589963383248,9.542200364970284,29.99,70.53,39.29940222963837,69.79198437694984,39.6527159292905,43.326216673981484,12.39300309075594,50.02160271088484,-0.19857104618216295,-0.10651019247657774
2003-04-01,-0.6488739620237653,0.6333101637522216,21.36,61.01,35.49,9.83,27.74,37.54,25.37,9.194082819238655,29.3,69.95,38.25,68.89,38.96,41.8,9.99,48.96,-0.1481251604538765,-0.11523892026042452
2003-05-01,-0.14070634892370074,0.9922781915761469,21.036973453417566,55.89956154830185,29.066558579928614,8.62594758817153,20.932398664853373,32.873734210876925,20.458037922009222,6.538198619146826,25.57,64.32,30.456541624016573,62.99617469067474,32.49105062977144,33.7179025221161,10.213925753295907,42.15990863302131,-0.09210439247529419,-0.1400077761322996
2003-06-01,1.1651104357020852,0.9351696416950679,20.455269226228577,54.26349322976724,27.66012090460026,7.7625211145046595,19.49305695679466,31.662816838454418,19.100476295739483,5.734145803967483,24.02,64.16431501976984,28.504330290245043,61.65372110764554,31.02042565990409,31.414243079312577,9.740770728707282,40.774958406966284,-0.15927492495446813,-0.06982420079165864
2003-07-01,2.7755369348578194,-0.3881170426922205,21.73,55.21,28.41,9.15,20.73190237140566,32.08,20.8,6.632630099035747,25.394999999999996,63.95,30.42,62.35,32.01,33.78,11.21,41.96,-0.18157445395565133,-0.008814123500224444
2003-08-01,1.9715564988663807,-0.6198145879240269,22.153944042474844,57.14424883478876,30.869775888028375,9.666990215351651,22.75359406505467,34.16645342017268,21.041798422655308,7.601140290774758,26.475,66.0,32.709867845362204,64.54903084822257,34.30722855128809,36.228641562539316,11.159113108552681,44.269425608460374,-0.18973281822437693,0.05331921821571606
2003-09-01,0.5036386833188693,-0.6312362979002427,23.43,57.85490881358951,33.15,10.220425066689392,23.597025265419347,35.21,21.512703254838073,8.145906035858562,27.15,66.33,33.794993061037,65.24865918102003,35.13959924539406,37.71,11.582624314352618,46.13,-0.1925882457184309,0.07127314238088577
2003-10-01,-0.31086812304329914,-0.6002345136790855,23.34806684492666,58.52,32.87670575122847,10.46,24.31,35.73211126697725,21.72,8.7,28.15,66.87,34.55,66.02,36.31,39.376741102511794,12.19,46.43818128145313,-0.1939479730965518,0.08835314008478208
2003-11-01,-0.8350061306778405,-0.5594426923354576,24.028766706267902,60.03981591508877,34.12618748216852,11.741730068491636,26.111211495248988,36.69684396637353,22.97373560850951,9.639943308866336,29.07,67.63,37.03381667807688,67.4369797228726,37.65808656896145,41.23953499735294,12.728433942787866,47.81062405038721,-0.19258824571843092,0.09086753387297337
2003-12-01,-0.7840315398939447,-0.5773910937266539,24.473548303819943,60.606287776811506,34.91868151864816,12.161748073578233,26.898576052597612,37.27129326257654,23.2568907349798,10.067630657989412,29.455,68.41,38.012260896523095,68.13519758309766,38.45289890088931,42.31518436798758,13.10386989924529,48.7341151848676,-0.18932490001094068,0.09047134212013018
2004-01-01,-0.7297511150174455,-0.6132878965090464,23.13783516404638,61.93964272506989,35.31173335861193,11.313436039252606,26.922741642741627,37.8881585192241,24.831227188039563,9.110336025588595,29.89,69.17,38.29334565355878,69.03681385296399,38.78800787175625,42.28982489838544,11.931746745334149,48.89669505132979,-0.18796517263281973,0.09509844918021022
2004-02-01,-0.8243842839231756,-0.606761205094066,23.41780881498326,62.17626601259152,35.731596434621935,11.548353077701622,27.344109023699467,38.1729876031318,24.895030530775898,9.35648908490122,30.03,69.66,38.80092963849696,69.3889137903297,39.20613699427844,42.843543625754684,12.170155185192016,49.40904124337539,-0.1900047637000011,0.11305783408535823
2004-03-01,-0.6387768622461734,-0.3032700542974745,23.02,61.25,36.05,10.84,27.42,37.78,25.31,8.52,29.81,69.87,37.59,69.04,39.51,41.59,11.49,49.52,-0.19489978226123647,0.12528701558298413
2004-04-01,-0.32782200356582075,0.1943901660947856,23.4678376083727,61.51708755611106,35.054736967365585,11.542430721911549,26.794208923596017,37.62527613611422,24.41323638993709,9.36154282439264,29.83,68.59,38.078826538154566,68.6460509848236,38.55960805065757,42.18961477564998,12.22192202789433,48.651438527257646,-0.23147644873268947,0.15204134545447953
2004-05-01,0.16933719075841389,0.597413360969829,21.519735561539065,56.92194544143534,30.548833015526686,9.030164250327692,22.27224411618233,33.94065112682922,20.93947100093225,6.9637420281952345,25.88,66.575,32.10538507913255,64.41040955826952,33.926534081979824,35.342907870347624,10.618031164677575,43.94047644873378,-0.26438185128321595,0.1778783070946557
2004-06-01,0.5335221742061853,0.47666956979269054,20.64801977867546,54.67395074924443,27.59008420431019,8.209092091966498,19.59254360441846,31.74784968574533,19.6974289817262,6.1239021154460325,25.0,62.42999999999999,28.754312885694013,61.54602573107974,31.044568546204637,31.993425164699694,9.895147547836284,40.46723362357375,-0.3025901906084141,0.1252459519699974
2004-07-01,2.2001613825192923,-0.3783270055697498,21.265482759790732,55.616129835122344,29.72,8.934601795519653,22.4,33.84,20.38644692124313,6.827874086451441,25.979999999999997,62.54999999999999,28.75,64.16,33.85,34.58,12.0,41.465591737956125,-0.30177435418154147,0.07729798927512015
2004-08-01,1.669237554200525,-0.593707822264105,23.41,57.66,30.604999099712952,11.24,22.58554157633545,34.03385700291848,21.32,8.15,26.85,64.89126894850531,32.55780255180692,64.27754916735769,34.090773460100394,36.223691674446165,11.164894307517095,45.76,-0.299598790376548,0.05210474388629884
2004-09-01,-0.06471741081538819,-0.5072291610156139,22.488514256167534,57.47657984734156,31.178656552444753,10.056649703492505,23.139305334993814,34.422154093697934,21.302181263054187,7.979411791697245,26.975,65.69033351803482,33.221685588006274,64.77679261810741,34.653702070751365,36.916856791417196,11.440795339440541,44.563460676417485,-0.28926486230282894,0.004741736041777383
2004-10-01,-0.46881465523575283,-0.49907079674688837,23.01416311244318,58.21884089497074,32.05998541298747,10.615191915595842,24.046929304584253,35.0943740485556,21.76888939329498,8.532984935460728,27.625,66.20290950509289,34.3799211128838,65.55015773122796,35.5572553942533,38.251750568498984,11.882147094374773,45.538049222800005,-0.28083455255847917,-0.008420474974260425
2004-11-01,-0.7766053788281267,-0.5284409081143004,23.51319538062512,58.91476152656944,33.75,11.098450992662881,24.972013920569132,35.78090478662441,22.67,9.02226964088652,28.1,67.104617076351,35.536268072591305,66.38418738352422,37.45,38.65,12.30239484209682,46.618971982576774,-0.27825107054004944,-0.003553745653450948
2004-12-01,-0.6902877625722132,-0.5610743651892027,23.26,58.64,34.035439756941415,11.14,25.82,36.13,22.69442786256161,9.36,28.84,67.76595339227497,35.21,66.52,37.55823166736364,41.06734488047072,12.17,47.53,-0.2768913431619285,0.0042582357900266725
2005-01-01,-0.6639740501165112,-0.636131316461478,22.81286133850693,61.24063548136503,34.459890181634805,10.973011705544115,26.11494336631017,37.24205945826298,24.4039687573008,8.771177911544207,29.475,68.25986784330605,37.26837074594982,68.2324724767058,37.94134755039929,41.201453701603235,11.661507488107791,47.92723627924608,-0.2787949614912978,0.009739657865104528
2005-02-01,-0.880821652337913,-0.5724960751654186,22.955993396329447,61.19406528260016,34.629151471294705,11.024087574653167,26.269415470748342,37.313967028880384,24.2373464304342,8.843332118279026,29.32,68.76690083766358,37.41675261992459,68.35637323787546,38.0942204968197,41.319268797491766,11.786980976910495,48.192686946381166,-0.27593953399724386,0.005036543830543083
2005-03-01,-0.6410985562135845,-0.5317042538217907,23.264755308197994,61.46909051342005,34.98995192930143,11.334459450400695,26.669388265413787,37.57953646734464,24.38880372804437,9.1543826570764,29.630000000000003,68.86454084956424,37.92025444276688,68.64164021668302,38.472443964704865,41.932301872889035,12.048494328487017,48.594363975288736,-0.29497571729093686,0.004843069333258824
2005-04-01,-0.5968692526437689,-0.2380031401476699,23.122879294703765,60.787050363995235,34.20472179862294,11.164125457277537,25.97465396178945,36.97101544532462,23.94298567523561,8.988498302863274,29.34,67.8080509481991,37.03028445546628,67.8480420731577,37.70753260167119,41.05163565179961,11.93534045883251,47.70048702850405,-0.3310084928111415,-0.017577534756570187
2005-05-01,-0.16654976901655857,1.191342279733051,21.27,57.35,30.35,8.42,21.64,33.67,22.68,6.18,25.305,62.26819044442021,28.86,64.1,33.77,34.24,9.2,43.3,-0.2815144162475396,-0.04556811473781789
2005-06-01,0.11610092539368837,1.0852835442396185,20.305970303795046,53.951726409628534,26.6439276399748,7.879179885919198,18.712169414549905,31.046278829453172,19.296084572951145,5.788854826096404,24.65,61.24000000000001,27.651521058783793,60.64987687805529,30.114166439459694,30.855422793200965,9.15,39.36473028340895,-0.230796585043629,-0.08035321880552597
2005-07-01,2.4214366594346344,-0.28695332576002336,20.922940079574925,54.888614719208476,27.88472225780168,8.480905679644154,19.92554727838612,31.96150440918023,19.807536964072384,6.39727376148506,25.25889540811501,62.49,29.17118613997483,61.771180119056126,31.35505830175049,32.50746122312554,10.128453054733637,40.79718095337541,-0.22318211172615177,-0.06191361239591412
2005-08-01,2.31120014985296,-0.6296046250464976,23.52,58.34,30.99,10.5,23.36,34.53,20.4,8.53,26.60188864939178,66.015,33.89,65.53,34.5,36.66,12.1,44.3896338058594,-0.22617351195801785,-0.008416729424877848
2005-09-01,0.5007054724637511,-0.6116562236553013,22.692081775544167,57.926681308353444,31.747873930202655,10.261077578463523,23.671041372520733,34.8489319922459,21.564769316780563,8.185101723466342,27.209910909172596,66.37,33.89183774910935,65.31755557125723,35.215312600652524,37.61419740143095,11.610151629020692,45.22014494191604,-0.23487576717799177,0.03870184418171707
2005-10-01,-0.4991593312384441,-0.5349675995292809,23.257109281972344,58.75649656250047,32.54222845807814,10.94398657172591,24.55181957416191,35.502126400256174,22.202541041818826,8.843854162803279,28.16,66.23,35.05802213621423,65.99530647416783,36.064001766549964,39.06307535370325,12.082193500526923,46.018518051286456,-0.2378671674098578,0.0361731211814928
2005-11-01,-0.804968083766333,-0.5186508709918297,23.38,59.31,33.74,11.17,26.64,36.46,21.9,9.361615962932362,28.62,67.48,36.13,66.99,37.22,39.67,12.14,47.69,-0.23705133098298525,0.033809562436642286
2005-12-01,-0.6935773906473177,-0.6034978593865757,24.381756012295085,60.406538722104436,34.83191871628166,11.998359363417146,26.77129915747738,37.167514824907514,23.0397131866694,9.919996201927383,29.135715025332317,68.77000000000001,37.81678210110004,68.06418490918426,38.34111819693618,42.02224089896986,13.029201123984091,48.697845969936616,-0.2405866221660997,0.0335354267637169
2006-01-01,-0.6680540324901649,-0.5382309452367711,22.916841012141145,61.46362315130804,34.77705778252589,11.062440759947846,26.402663731416304,37.471612250375,24.512697024202605,8.864666115911518,29.549195667368977,68.73000000000002,37.623591128046094,68.5351176346062,38.24917832785083,41.55389054307076,11.748456351072733,48.30631008670053,-0.2324282578973741,0.033195428232579094
2006-02-01,-0.8807050731210722,-0.5953394951178501,23.20907458697885,61.740249851075504,35.171453233045725,11.342118347678431,26.81909602786684,37.75517406826987,24.646032573459696,9.148258447757247,29.802231528911943,68.99,38.14096254950858,68.8598457748278,38.65332930700696,42.155468358443166,11.996127266514865,48.76069405185513,-0.23433187622674342,0.03320514316731582
2006-03-01,-0.6205088570471514,-0.551284328066732,23.8,61.09,35.77,11.46,27.69,42.78,24.68,9.33,29.9,69.22,36.5,68.65,39.3,40.22,12.27,49.35,-0.23596354908048847,0.03492095143118524
2006-04-01,-0.5761015452544267,0.8715344003990084,22.902318968232866,60.31270893142568,33.62150247488107,10.935295227564273,25.423073712820255,36.52991177748544,23.65618562746792,8.76001989312784,29.065,67.17,36.33153211551777,67.29698540655116,37.1287038946624,40.312478842145644,11.751873755579815,47.0346820184485,-0.14350208736826528,0.036651593713630436
2006-05-01,0.887161006544415,1.445883244917289,17.96,54.44,26.28,6.26,17.86,31.14,17.99,3.99,25.555771330980843,63.53999999999999,24.73,60.61,29.68,27.79,8.15,38.84,-0.12229034026957881,0.12446082501037824
2006-06-01,1.0638259634279295,0.936801314548813,20.293521367894723,53.92874448532701,26.358202488167766,7.976740978803951,18.51524636075009,30.892029858407938,19.438456752590884,5.861135915978675,24.96651192501941,60.19,27.457560521304877,60.36213387203043,29.8722043831257,30.789911872929757,9.596774936051006,38.93678179493596,-0.13466385941047926,0.20343791151323165
2006-07-01,2.887651707126504,-0.38159035127724006,22.64,54.84,28.89,9.33,20.92,32.01,20.26,7.52,25.82,63.05,30.85,62.15,32.39,35.94,11.48,42.82,-0.14255027820358065,0.2422891654875541
2006-08-01,2.2252537610348444,-0.6583220672724116,22.480345256896587,57.84836068618605,31.589698374661243,10.068194307549456,23.475973237436094,34.74597693238871,21.556020528275656,7.987496088613533,27.07,66.37,33.65642490848587,65.21918590966993,35.045296761753605,37.30902630533979,11.429072791629554,45.03366121610325,-0.14494339838907352,0.2351269664193778
2006-09-01,0.6803096149621048,-0.6588115691285351,23.096916133175707,58.798414597320736,32.74577751256774,10.712810706985353,24.635855691087762,35.621430649248914,22.1367103118815,8.628925130124362,27.81,67.25,35.130019258291405,66.25532463237948,36.21765116601683,38.96407510956019,11.946116672370891,46.3301369277986,-0.14887301051184298,0.2500939782942406
2006-10-01,-0.3541184735191066,-0.5643377108966929,23.60809160532897,59.510149731889854,33.548767667036174,11.273846288391761,25.48100832931496,36.24420398455615,22.609728440427144,9.181004963235903,28.49457812335589,67.56,36.21791193521846,66.95185406350711,37.05005062250211,40.24669403543772,12.37499602314189,47.199165256274576,-0.15132051979246067,0.2621807164375188
2006-11-01,-0.6858244189773363,-0.36364194988604376,22.88,59.84,33.99,11.64,26.2,36.5,21.59,8.45,28.82,68.24,36.97,67.7,37.5,41.84,11.71,47.88,-0.13840310970031183,0.2721093551699351
2006-12-01,-0.6206011134179451,-0.48601741391692743,24.501640853323796,60.66498910625493,35.10733652338146,12.140913768169478,27.043834661215918,37.38599563047835,23.221687012813405,10.058197308304322,29.33981305232992,68.95,38.17116641038336,68.32149021355441,38.62130817614915,42.42009327681007,13.128474256362832,48.995522696196225,-0.12861307257784113,0.2781907116057162
2007-01-01,-0.547740844187059,-0.5708644023116735,23.163028067077136,61.99215142990769,35.489825907997016,11.29085849540481,27.05885021765831,37.99558053640721,24.794068739170488,9.09887434022328,29.775,69.69,38.44129535270509,69.21292296581392,38.94641073113675,42.38474386817898,11.953907819552533,49.14487907810322,-0.13133252733408302,0.28821681063097504
2007-02-01,-0.7831130990926787,-0.5219142166993199,23.631448863087382,62.64828689641616,36.31029379434207,11.770727646672407,27.889784717949652,38.61113249098608,25.18147535370784,9.578392900513013,30.3,70.3,39.49250718228354,69.93742781990531,39.77997976163812,43.57302560939244,12.347704570642609,50.06964262076408,-0.12521375413253882,0.29634947513334114
2007-03-01,-0.482860969843297,-0.003042249208373333,23.72375199679062,62.454992969178704,36.285347680338774,11.774968412845196,27.870824444936247,38.539291355284185,24.93441385897848,9.602334477482998,30.095,70.52,39.42432147527611,69.87134252378513,39.74464176463397,43.47821040790941,12.431180470882307,50.106074223398146,-0.0795269142276756,0.30782013240032896
2007-04-01,-0.384327167307315,0.03611789928150943,23.03,61.38,35.35,10.75,27.59,37.95,24.23,8.29,29.505000000000003,69.43,38.95,69.35,38.81,43.72,11.36,49.14,-0.1491449559874672,0.3238013305625883
2007-05-01,0.498490287686389,1.4001964050124258,21.30311999595212,56.472034795251375,29.76410535303558,8.904789009869331,21.59390610367278,33.402827089905514,20.808012545160217,6.815993588535601,25.91,65.065,31.295916239387687,63.654817084069904,33.184369002619185,34.60924613712323,10.435244846499728,42.953728678527675,-0.15295219264620577,0.29141210399108614
2007-06-01,1.0943885315931285,0.9025361846201656,20.01,54.5,28.0,7.88,20.14,31.93,20.95,5.5,25.63,62.43,29.2,61.95,31.45,33.03,9.45,41.55,-0.1558076201402597,0.29395898467151943
2007-07-01,3.2974349235363927,-0.43706722830457395,22.41,55.71,29.32,9.96,23.1,33.03,21.09,7.67,26.47,65.245,32.49,63.27,32.79,36.22,11.58,44.41,-0.1604306932258709,0.32810758603901014
2007-08-01,2.48755950031041,-0.6485320301499409,23.11358528154756,59.209889833542576,33.28612179411935,10.71557639845492,25.073996887305775,36.023649866588926,22.365658172584006,8.63606683119069,27.830682952279233,68.29,35.676007808757866,66.82360182117833,36.72533269568211,39.4332510977538,11.956052630073941,46.9791475377855,-0.1596148567989983,0.3499663976453073
2007-09-01,0.7437296026038684,-0.6684384389656313,24.61,60.8,34.33648298193742,10.56,26.49,37.01,22.838485341315007,8.17,28.431704284976057,69.2,38.05,68.61,37.78454560903659,42.88,12.08,48.175036152527845,-0.16041709595208967,0.35525139661545424
2007-10-01,-0.4472194966010395,-0.5251775624068102,24.24610344932479,60.8829462306271,35.01,11.955466113525292,27.047014931936666,37.49712943287604,20.86,9.857098927995995,29.34923157852928,69.225,38.21164929118536,68.50015772897723,38.46,42.38060351501472,12.905220673476038,48.6,-0.15715375024459946,0.34749297802529316
2007-11-01,-0.674704202635081,-0.5529160009204771,24.78155508306568,61.65770351762936,36.1883833210977,12.491443598946168,28.04076715059867,38.23901116942212,23.907681295334875,10.395624086141769,29.91452216263491,70.095,39.462488506094054,69.3904881132513,39.692968032859234,43.76907134530513,13.355393395280611,50.19366531049088,-0.17292658783080225,0.34841966272048114
2007-12-01,-0.6130100222655674,-0.5773910937266539,25.30808249181843,62.40084498480112,37.139322319917895,13.021492829881629,28.99471499285226,38.94741646962097,24.333329586123423,10.927436651240921,30.477243602009157,70.88,40.664634710061584,70.23435549249147,40.65453199098198,45.11324164584932,13.798203342203308,51.27480642306711,-0.18054106114827942,0.34905225364984593
2008-01-01,-0.5653551037995643,-0.6132878965090464,23.993509530583122,63.78008000122002,37.56056104122919,12.207224353694746,29.053573869914757,39.592380575725905,25.952536842129792,10.001378425109998,30.975,71.59,40.995754208069876,71.16065572683357,41.02217726127431,45.156120536946325,12.643365442633058,51.458408936944274,-0.18407635233139386,0.34758439868213714
2008-02-01,-0.7259975010143908,-0.6034978593865757,24.349520952677775,64.18116618868385,38.119166247950034,12.548264812739129,29.624227031172836,39.99739162423253,26.154301970457464,10.347296722889208,31.29165828548561,72.05,41.70613936656394,71.63946482397645,41.58826219441643,45.958797250408615,12.94434997786254,52.10405689478949,-0.1908749892219985,0.35234403185532776
2008-03-01,-0.6165712692746663,-0.5708644023116735,24.21,64.34461325790697,38.9,12.76723403639143,29.95331561019748,40.20515649008898,26.18425141478605,10.57577625556944,31.42289828388312,72.35,42.10064741099378,71.88538925699959,42.4,46.408231461912344,13.164159192921687,52.65,-0.23819350198060685,0.3412015069027137
2008-04-01,-0.6209425131231372,-0.2461615044163955,24.54203172416828,64.6,38.10025397816068,11.84,30.71,40.12,25.44,9.55,30.9,72.52,43.0,72.05,41.54844372114076,48.27,12.45,52.21075671953718,-0.26171678562209894,0.32148356141806184
2008-05-01,0.2509796888212514,1.2957693423727383,24.00171014002479,62.27006701254816,36.42245203506225,11.906456649830288,28.027109782149182,38.55168245999294,24.599216545177914,9.767085865316233,29.880000000000006,70.99,39.54711425903046,69.91164823035147,39.869405965548104,43.59579478040251,12.675137318784778,50.36832146278356,-0.27041904084207286,0.30085767817930037
2008-06-01,0.6600052531833643,2.5129972912665943,18.695,54.225,24.405,7.23,17.55,31.03,19.04,4.6,28.04518002365847,61.54,27.94,60.67,27.865,31.905,8.63,37.64,-0.13621394862153716,0.26465907164515334
2008-07-01,2.3464543923303056,0.09812146772382381,22.031900173796895,57.27371979402994,29.955364751529675,7.88,18.23,31.17,21.7727411837348,4.22,27.751648245031774,62.27500000000001,32.15141567020769,63.66628385665935,33.55018523938134,36.13056691950735,9.04,38.66,-0.09161489061917066,0.18541069404464608
2008-08-01,1.8562177656003191,-0.4729640310869665,22.68865514426941,58.290637990195144,31.670331766472405,10.483044579996063,23.6861986954423,34.91816828412938,22.10451026690605,8.356467894696795,27.925548133476504,65.12,34.02264616960294,65.26155243123137,35.20094726243518,37.95065929409328,11.597576214179796,44.94203044392996,-0.07698422403058947,0.13279888281880517
2008-09-01,0.1301788965538908,-0.40443377122967167,23.01,58.46,31.74,10.46,23.94,35.06,20.02,8.2,27.31,65.7762056737397,35.15,64.9,35.23,39.83,11.8,45.55,-0.054983835052592835,0.08166965731464038
2008-10-01,-0.5477564835928038,-0.41096046264465214,23.326127615773895,58.89393718983554,32.60620606834196,11.060643558083372,24.644326193407345,35.57568083880882,22.349341512334323,8.950048296560588,28.38,65.98755729370143,35.197904124795336,66.0466612222988,36.14523728829719,39.27099978523078,12.138632925248924,46.04943168889705,-0.04546574340574633,0.07329157506532667
2008-11-01,-0.7941072281964557,-0.2738999429300624,22.09,59.95,33.85,10.25,26.07,36.31,22.1,7.96,28.461812033684097,66.66597860583596,38.0,67.75,37.4,42.68,11.06,47.88,-0.022214405239878433,0.06334132293521212
2008-12-01,-0.7512761197463915,-0.4076971169371619,23.91162292538589,59.38289453335578,33.57527095607617,11.509750258258896,25.584368732993084,36.21654914644697,22.419565724765015,9.432295452082176,28.545539669381082,67.38914145758547,36.312788431224384,66.87512724677211,37.0943819863754,40.43320871688592,12.638298526715491,47.26340878303251,-0.008073240507420767,0.051819148145143455
2009-01-01,-0.7351248194378383,-0.3750636598622596,22.350058854996966,60.241692844597246,33.47821552596277,10.387060136110483,25.11632732357539,36.44036203482522,23.650332979031866,8.210192568932236,28.58,67.8920715279721,35.95015118901562,67.32195562542037,36.927214038567044,39.67326170759733,11.279155818389146,46.904005827525104,0.011778779213144802,0.03767167184195396
2009-02-01,-0.8902190925504746,-0.46643733967198603,22.861290724079957,60.990830581225254,34.349740887591025,10.938503506276609,26.013568884553294,37.10973488527355,24.132385843303673,8.754997724313498,29.24,68.37665491539094,37.09900665347279,68.09033284406613,37.82168545738394,40.999166368803564,11.707891897452047,47.86204068096517,0.023200489189360598,0.023986539213946972
2009-03-01,-0.6416934018172297,-0.4076971169371619,23.02574010998284,60.95393557229331,34.432894375701295,11.053724245818144,26.12081538351891,37.13987943086238,24.030990826311303,8.88153052341113,29.23353675454816,68.47376581230652,37.20885367498969,68.12057305753231,37.90724142642091,41.138352308722354,11.85048683095469,47.98859990585901,0.0367977629705699,0.02189302816873336
2009-04-01,-0.5917141682286255,0.8731660732527535,23.32,60.34,35.8,11.12,27.71,37.51,24.65,9.05,28.52860789892982,67.10419892750555,41.8,69.22,39.29,45.74,11.87,49.92,0.13007506110966563,0.02432872357660933
2009-05-01,0.5953249597685796,1.5078868133596033,20.25147937016981,54.21087328762763,26.948763504216917,7.828806059784322,18.941305333233387,31.281959931773528,19.4621943168455,5.738232677807719,24.64413790561737,61.88425683302219,27.943132094159658,60.99230455867748,30.39590510613516,31.0816669440429,9.560094865849369,39.72582670488056,0.14775151702523773,0.05302416282222002
2009-06-01,1.3275611628149362,1.5372569247270154,18.64,53.9,24.7,5.68,16.07,30.44,18.2,3.5,23.89,59.99,25.28,59.89,28.05,30.255000000000003,7.55,36.25,0.06643981981360614,0.10865382195818434
2009-07-01,2.185823594533348,0.10464815913880426,20.622890791163556,52.19,25.64,8.19,18.57,30.25,19.59,5.74,24.91,61.54500000000001,29.49,61.00203680171114,29.15,31.500108969227135,10.35,38.99,0.0669837107648545,0.0952679221417712
2009-08-01,1.2803514722031892,-0.2934800171750038,21.639853872098552,56.041787285305425,29.30025827103231,9.225450529070068,21.33014833142532,33.030797622990924,20.505106273833473,7.139391861841439,26.11,63.67,30.952754749221704,63.051293066473335,32.78411384384837,34.486012714920115,10.729210573823583,42.39307521181271,0.08194071192418473,0.047279064358677035
2009-09-01,0.8104114220985681,-0.5545476737742222,22.42399592568645,57.351493165007966,30.9481165655051,10.02264928267048,22.94101741739636,34.26628705062481,21.273162893048596,7.938007356169653,26.995,65.23,32.98698018813422,64.55551336495503,34.4365329181701,36.70721838501124,11.386169886636381,44.2705617873526,0.0694312200454722,0.1039651081540668
2009-10-01,-0.5933054996444712,-0.4272771911821033,23.41,57.84,32.815749236461215,11.1,25.45,35.7,21.25,9.25,28.16,66.74,38.7,66.6,36.32357002403771,41.63,12.3,46.35985591550767,0.06807149266735127,0.10016935681642787
2009-11-01,-0.843889704701656,-0.4648056668182409,23.953627976521027,59.87643633137244,34.046517748672414,11.611763600333733,26.00135465354996,36.607468825230875,22.801383850211366,9.522007397555164,28.82,67.89,36.86851707191206,67.37007150024331,37.559426415448925,40.99892541240802,12.667218580579572,47.76758130878569,0.052162682343336375,0.09602081710766115
2009-12-01,-0.7699408268791649,-0.636131316461478,24.640637110367102,60.964224163892936,35.454410612779014,12.29406641470795,27.378015185063937,37.65350448107435,23.41526504452633,10.209079841890638,29.54,69.27,38.59900662389351,68.6479851686618,38.96913852053728,42.8839807650272,13.24387298644995,49.38350428647761,0.033126499049643376,0.09446542484659672
2010-01-01,-0.7121417015477516,-0.5708644023116735,23.08383157727273,61.82175845424618,35.28517279157596,11.20661102918722,26.863918244010456,37.83963079278887,24.688100140307085,9.015229879448029,29.67,69.48,38.19330604224201,69.01989070070422,38.74251427491622,42.11978344256524,11.888082010396385,48.913163781023904,0.016809770512192224,0.0963806846707706
2010-02-01,-0.9253749334531194,-0.5773910937266539,23.392188636943242,62.13222557436303,35.77789024915228,11.478681266432394,27.35719205229818,38.18393148915337,24.80747453284732,9.296762093334408,29.87,70.01,38.79579526063802,69.44143404065619,39.235080926184835,42.78063600914722,12.149766775459089,49.50220856892734,0.0075636243409699004,0.09345103126221688
2010-03-01,-0.6655935508890959,-0.5055974881618688,23.86,61.39,37.4,11.76,29.02,38.43,25.25,9.6,30.14,70.56,43.32,70.25,40.93,47.34,12.75,51.18,-0.0005947399277556701,0.09145935217289469
2010-04-01,-0.5518360651922898,-0.3979070798146912,23.96451082549772,62.5951461519256,36.55917027772918,11.98096091321605,28.163985473610417,38.72019478420833,24.95650030670747,9.816896442455853,30.22,70.76,39.775458544141124,70.08171701089978,40.0230303436459,43.88430427552358,12.636821243379831,50.440241396523426,-0.10651750268337606,0.09478252742592268
2010-05-01,0.05356517915753685,0.13401827050621634,22.966929640423572,60.05271769124904,33.99955838632822,10.702693152238103,25.64716984173628,36.646356403281686,23.074425866547283,8.594821729113793,28.2,69.22,36.46669602157281,67.64516113750152,37.414946737998875,40.16967573918945,11.81746266067351,47.722880747025904,-0.2210065479211583,0.04963587904166911
2010-06-01,0.01692280237403274,1.7754811613738022,19.84,54.48,27.8,7.93,19.62,31.57,19.95,5.4,25.38,66.50189600042395,30.05,61.83,31.25,33.43,9.7,41.1,-0.20115452820059274,-0.05958398432840618
2010-07-01,1.7998418492246482,-0.042202397698256094,22.79,56.07,29.8,10.49,21.99,33.15,21.12,8.08,25.59,67.28314756608385,34.39,63.69,33.14,37.38,12.25,43.45,-0.21339207460368112,-0.09174912977079781
2010-08-01,1.3924363384270753,-0.4011704255221814,22.789821652362527,58.50655262713401,32.899788258022994,10.17437801900053,24.572407369998217,35.61651802353732,21.65001401971667,8.142398754399032,26.81,69.2376530180719,34.93744103308328,66.49160338888476,36.264581261229466,38.39244270482711,11.691817750126326,46.72721205509408,-0.22236627529927924,-0.08240872425214063
2010-09-01,0.10101421947286791,-0.41585548120588745,23.206707416502017,59.0280614263613,33.46771894380102,10.638098390413868,25.193482255704282,36.061851250628386,22.00876085880331,8.597232863095115,27.38,69.29882025986272,35.74166534117382,66.96780053877671,36.86311213336674,39.37263454206259,12.042109358861147,47.32805172360667,-0.21080859258525134,-0.14152515780428235
2010-10-01,-0.5640426743517278,-0.4729640310869665,23.13,58.34,33.04,11.12,24.97,35.58,21.55,9.11,28.26,68.80306509530627,38.05,66.49,36.55,42.17,12.61,46.75,-0.21461582924398992,-0.13908658902988705
2010-11-01,-0.8004996084194679,-0.48275406820943717,24.188980138068626,60.38186501845293,34.717155266391075,11.834831093390603,26.621604714581117,37.10287077699925,23.07712150061787,9.749533609275694,29.05,68.76458776004168,37.64365603608373,68.00712179946022,38.21706424312204,41.792199496430406,12.863511631255534,48.55262756284019,-0.21611152935992298,-0.13547074767303804
2010-12-01,-0.6320277285214022,-0.5055974881618688,24.491279079139122,60.6428545094531,35.069958305446676,12.13452429702504,27.01137759428525,37.36016700527055,23.214472126277055,10.050825711655335,29.34,68.88,38.13224012639092,68.28547166906706,38.58585389188866,42.3844290896707,13.11974723959327,48.94883471514877,-0.20523371033495552,-0.1239779894765578
2011-01-01,-0.6014943247384622,-0.30979674571245497,23.07943469577272,61.81247920117618,35.26175834442992,11.20720062506978,26.845191940715196,37.82480591014138,24.689776132084006,9.014646801019467,29.68,69.42,38.17217132096433,68.99693868294389,38.72121639562261,42.1039389718375,11.884297160885275,48.88168871016763,-0.18347807228502064,-0.11475737474245036
2011-02-01,-0.821393297095496,-0.41096046264465214,23.321401475438915,61.98008359373668,35.58442199759121,11.407987994955237,27.176042606807705,38.039145052587976,24.719372328993767,9.225552415006522,29.79,69.78,38.56769236710482,69.25819280103508,39.04410422952128,42.542817451801206,12.090816550588219,49.278813285587226,-0.16960885302818718,-0.10609223837931508
2011-03-01,-0.5097687079279101,-0.3032700542974745,23.67,61.77,36.0,11.33,28.2,38.18,24.55,9.14,29.92,70.14,39.7,70.54,39.49,44.17,12.48,49.87,-0.15274823353948766,-0.09310683479921626
2011-04-01,-0.644740860949776,0.45708949554774914,23.30161808023525,61.16799168931498,34.90794532366077,11.248797473125185,26.572867958451084,37.4464644076512,24.030777856306763,9.09596182674023,29.26,69.25,37.73748555370499,68.52869780746016,38.367506693212086,41.6723377901318,12.086511891689497,48.59611040874906,-0.08149851892595096,-0.10084890111234013
2011-05-01,-0.25720407501711673,4.063086502324454,21.920476221239223,57.80082108733119,31.324023132728424,9.576990366422704,23.09023121135717,34.60037904009124,21.65626920362618,7.47995129598808,26.775,66.56,33.20741459140334,65.12361064173027,34.74448244628273,36.67134639153665,10.94799058226187,44.70533823047705,0.24592383372556884,-0.1267463389602279
2011-06-01,-0.06738668654469519,5.107357128721327,16.555,48.28,19.89,4.99,13.04,26.815,17.0,5.3100000000000005,21.18,54.67,18.03,54.305,23.39,21.705,6.19,31.86,0.5235801643378626,-0.13377212970345523
2011-07-01,1.729094129731365,1.9451751381632942,18.528308080369932,49.73703632815844,20.67,5.9488371482896785,14.008526494745752,27.22821579936091,15.12,3.8799370643687077,22.13,56.0,21.651451716781388,55.89902829068048,24.14,24.492668546457963,8.137726697575644,33.736880646760255,0.6891949589929918,-0.13966777299456218
2011-08-01,1.963085565611037,-0.15315615175292394,20.40783465827671,53.39379336444493,25.935035560244483,7.9941885554076055,18.178638323569338,30.511880471159742,18.97046789408523,5.8993428650517,24.715,59.675,26.98395131488615,59.864097396480524,29.461910154646787,30.347074823733514,9.703229694472256,38.50807761372342,0.7098628151404299,-0.092113670729232
2011-09-01,0.9336254737141891,-0.3685369684472791,21.579308647205746,55.536355336676685,28.616949540744894,9.188938438838152,20.764610999695762,32.527043063694485,20.236004849576144,7.095877246350728,26.07,62.395,30.25129420831596,62.34604099991812,32.13897922530898,33.86726051921013,10.682486296347129,41.57000977980349,0.7138060245369805,-0.022729399542455248
2011-10-01,-0.7033296495897943,-0.30653340000496476,22.191111081418754,56.46370111051085,29.739353223538888,9.831068973899422,21.896386328880652,33.37834931128998,20.806422604925235,7.734228511207117,26.81,63.21,31.690577141163523,63.348118893579105,33.27960954321787,35.49212612219116,11.19564577174869,42.82514859700162,0.7276752437938141,-0.03433664747896079
2011-11-01,-0.8978717923663062,-0.3456935484948475,22.67,56.2,30.25,10.43,22.64,33.88,20.78,8.75,27.21,64.24,32.25,63.6,33.74,35.98,11.12,43.8,0.7390969537700299,-0.04245099614119732
2011-12-01,-0.8202914353167549,-0.43380388259708375,23.385834653469836,58.26487336006125,32.18624102220997,10.970427605084081,24.272684443075548,35.1695062325932,21.752344156831356,8.892432077800084,27.91,65.84,34.65416820877669,65.56354996175551,35.71736601909386,38.68349314287635,12.200640968199867,45.6726208627914,0.7450797542337618,-0.058139638374143376
2012-01-01,-0.7622936457696904,-0.4501206111345349,22.15783487905854,59.82977263882225,32.87119589723561,10.230773392268164,24.570864566422152,36.005412840009654,23.462301991476735,8.044332054161188,28.47,66.94,35.28082518011258,66.7414695956136,36.34101502949991,39.01977639798458,11.11819259377468,46.17128836708172,0.7333860987819221,-0.0715395817934124
2012-02-01,-0.8739800088793688,-0.47949072250194696,22.59950794119661,60.41470238753635,33.681791552746006,10.64955319825773,25.37245037453603,36.59477704913361,23.75947494658185,8.470402852022595,28.86,67.75,36.278166214846046,67.46016406742291,37.152999578755995,40.11192598837955,11.490707708737542,47.114865460039276,0.727675243793814,-0.07592180777540179
2012-03-01,-0.6561115657535215,-0.16947288029037508,22.75467127886572,60.35701502737647,33.79517888787923,10.731197054202026,25.492404518708746,36.63438353522002,23.611641786758934,8.568856593789256,28.769999999999996,68.04,36.392082346178434,67.52282297564324,37.25954356926895,40.225147944805876,11.626170594429631,47.29799409450876,0.7388250082944056,-0.08811704592753607
2012-04-01,-0.6974104362477962,1.036333358627265,21.68,57.82,29.37,9.4,21.44,34.58,22.4,7.33,27.22,66.15164043862048,31.31,64.82,32.84,35.0,9.64,42.01,0.7870953302176987,-0.09250617720237109
2012-05-01,0.2055259510697348,1.7689544699588218,19.49,51.25,25.638836974769372,7.08,17.18,30.255218222129727,18.653580968547104,5.15,23.77,60.868107846982056,25.1,58.31,29.07242153131331,28.73,9.2,38.28894043883453,0.595917660853896,-0.05394534169513346
2012-06-01,0.3593958084270687,1.6057871845843101,19.172544445026812,51.50133107888014,24.2,6.694816672711076,15.877859419221181,29.53,19.65,4.608196428430862,23.21,58.00999999999999,24.056781709158834,57.82125675999747,27.73,27.04515339788643,8.667407500818165,36.95,0.3041201655091445,-0.018380133780819805
2012-07-01,2.168074591881661,-0.1270493860930021,21.76,51.2,24.32,8.08,17.91,29.91,18.8,5.57,24.5,60.00230203829004,25.65,58.25,27.84,29.28,10.18,37.48,0.13143478848778647,0.01820157139837153
2012-08-01,1.9577791866442398,-0.5251775624068102,21.658413898061667,56.071315402576374,29.19052374594492,9.307362785162896,21.270047852808418,32.98282587271014,20.611562550314,7.206889983202959,26.32,63.11999999999999,30.908156459249277,62.935682781106294,32.69957625223626,34.52104647410973,10.743242203741772,42.209461524963906,0.10043300426662931,0.01775937315113842
2012-09-01,0.8984419609675656,-0.5839177851416343,22.316795346154368,57.1096651829999,30.56537763694175,9.94806669146738,22.60545914608614,33.99726801574444,21.178746455877675,7.855169708861478,26.97,64.555,32.580354441337384,64.186140171723,34.071245930656254,36.326397789312885,11.296234850244222,43.79925222331345,0.08248460287543304,0.014827413755586457
2012-10-01,-0.7631417437946042,-0.47622737679445676,22.885,57.92051317553487,31.8,10.5,23.73,34.96,22.75,8.5,27.65,65.19,33.75,65.1,35.28,37.58,11.44,45.23,0.06834343814297539,0.009843072571852296
2012-11-01,-0.8602913092077148,-0.4305405368895935,23.212413305355554,57.5,32.066841331508016,10.844625934107983,24.132422051524927,35.11117939015082,21.832642139909012,8.755588234205156,27.9,65.7,34.501915259818624,65.4974206951097,35.59612814862773,38.50084098203779,12.050757421476977,45.505229419396905,0.061272855776746536,0.012974779501734915
2012-12-01,-0.8138758977174021,-0.4272771911821033,23.5550492640799,58.61614338544809,32.62550989096552,11.142816426320186,24.68812811904332,35.499905544946316,21.960223574275002,9.065241192577844,28.11,66.33,35.178925837940305,65.97725822100747,36.152904527045955,39.23758663575783,12.341618631489101,46.1763863780475,0.06181674672799492,0.013509407635014311
2013-01-01,-0.6455612502779141,-0.5219142166993199,22.40351209626409,60.358058839851054,33.52564006973519,10.48356064363819,25.188411348954425,36.49920904973375,23.778745832368305,8.297208706323541,28.77,67.67,36.06208928727407,67.3601614229593,36.98974079077817,39.84355923053953,11.322604042283874,46.9203397639026,0.05583394626426282,0.023237107259329
2013-02-01,-0.8547221099122169,-0.508860833869359,22.789027995242872,60.83485116958989,34.196653440971374,10.846927816053837,25.857769812526726,36.984655212484824,24.014590995014654,8.667339598076278,29.1,68.32,36.89329557607318,67.94835901587678,37.66349664209071,40.760570143648444,11.64819297336944,47.7025695675354,0.05338643698364515,0.024841932173258325
2013-03-01,-0.7331914111466545,-0.41422380835214234,23.305,60.6,34.8,11.12,26.65,37.18,24.7,9.19,29.28,68.74,37.37,68.29,38.28,41.38,11.82,48.42,0.03299052631183122,0.01841861172383057
2013-04-01,-0.7918585211935852,-0.025885669160804946,22.464111546521845,59.36779507731285,32.62923152506646,10.407912187727957,24.43636586573193,35.73870440804905,22.981967665798045,8.249994904355638,28.3,66.57,35.04500358215224,66.37113897501578,36.1165029226593,38.859593898956284,11.389163167431683,45.96891020305541,-0.05552772600384127,0.010547937978348151
2013-05-01,0.24202523765552578,1.4067230964274062,21.62,55.98,26.85,7.31,18.92,32.28,18.3,5.26,25.54,66.11,27.35,62.25,30.36,30.58,9.25,39.3,-0.0857136737981259,0.01358954519383073
2013-06-01,0.7301289488709458,0.7083671150244969,20.34982364179874,54.04198872981303,27.029935055834382,7.806666463518697,18.998935521304837,31.27215566990627,19.183734933606186,5.743296699521917,24.35,62.45,27.95551115962767,61.03358409367473,30.452817971370152,31.02780078733013,9.649260569023259,39.9141013504884,-0.16049867959477696,0.044483973564153824
2013-07-01,2.5309743985250077,-0.39138038839971073,22.270000000000003,53.24,25.97,9.01,19.02,31.23,19.85,6.42,25.36,62.269999999999996,27.74,60.26,29.49,31.23,10.83,39.54,-0.18252626312033604,0.07472562411776607
2013-08-01,1.8845728466161373,-0.6384156584567212,22.12444707831176,57.08597026240641,30.44779946449255,9.786706214938567,22.454246659497024,33.93146041732871,21.219185357987822,7.686479385848987,26.89,64.535,32.406171532547994,64.12614016222008,33.94504786241725,36.097418113601826,11.130858398184923,43.649232346016525,-0.19196277112449525,0.06862509578209086
2013-09-01,0.591609571329256,-0.6478793610084429,22.635364896353472,57.80756843406802,31.406939252703882,10.285683927630219,23.403971351852725,34.63779514968691,21.61078881565458,8.190688024229424,27.39,65.44,33.59543491243634,64.98199605045815,34.908376694540294,37.40615299376312,11.560908998660437,44.754064507531105,-0.19729290244672934,0.043055729978898394
2013-10-01,-0.7763544251000735,-0.5153875252843395,23.275,57.55,32.18,10.98,24.17,35.23,22.23,9.17,27.755000000000003,65.3,33.82,65.22,35.8,37.73,12.0,45.65,-0.20055624815421957,0.04195467320344262
2013-11-01,-0.8247022728890471,-0.536599272383026,23.470539621090875,58.83866520398842,32.6911952703189,11.14460868535708,24.742147288136195,35.601465500731564,22.22207720503315,9.047826135726151,28.32,66.18,35.29043492976182,66.08401285611245,36.22713117862444,39.37263477679367,12.264533325542917,46.18897928202711,-0.2093944761120056,0.04492042622999826
2013-12-01,-0.779306274257295,-0.6002345136790855,23.990304273829917,59.565843473788156,33.71888447949087,11.626287027273774,25.741242802665106,36.344765911032496,22.57957832438726,9.540749046223937,28.75,67.32499999999999,36.528997862295334,67.00705147779897,37.249290982171715,40.70304698015577,12.702740879354486,47.39583170310616,-0.22380758632008746,0.04780122818500718
2014-01-01,-0.7564583047871587,-0.606761205094066,22.527659683526572,60.62579764931922,33.80426880508499,10.634060241134334,25.466320860038678,36.72209055636656,23.971318382537333,8.442541505570446,28.99,67.83,36.42505130980863,67.61993382789616,37.27444435040105,40.25493861859764,11.425335875603444,47.21843730123587,-0.2308781686863163,0.038559806975903464
2014-02-01,-0.9408778364373268,-0.6318889670417407,22.90968570403038,61.095476783703155,34.43989932624561,11.005236303714684,26.109799556922972,37.18717482801102,24.21902972829822,8.817869401296885,29.35,68.36500000000001,37.229215044836785,68.1728609024774,37.917388792728296,41.15779264206689,11.747739112187208,47.949745737739825,-0.24113051311734812,0.03138016309881098
2014-03-01,-0.6502928960550518,-0.1923163002428067,22.49022793218572,59.80058719860125,33.12790625444423,10.449605668290891,24.854423474422333,36.12571473361454,23.265003040254104,8.289379218514725,28.42,67.37,35.5801833997645,66.89535840217644,36.593799293688,39.35415775365545,11.406237022206298,46.54352151786363,-0.22263822077490344,0.03828837268977788
2014-04-01,-0.5896209754226698,0.5615165581874365,22.450000000000003,58.53,33.15,9.97,25.12,35.78,23.82,8.06,27.84,66.07,35.7,66.42,36.64,39.4,11.33,46.78,-0.17368803516255002,0.05514150150402083
2014-05-01,0.215281660355334,3.084082790077385,19.994871602475765,53.658902547473986,26.277224808263856,7.559517999036883,18.304167430682824,30.772345552263744,19.124130813532716,5.470054419004406,24.315,61.17,27.134456906478754,60.35829117791169,29.728269794904286,30.222364202062188,9.346718812221695,38.962013574733874,-0.03390806069171848,0.052912870062338184
2014-06-01,0.9625429929052539,1.7053192286627623,19.87,50.74,22.99,5.45,15.41,28.27,16.82,3.66,22.39,57.54,22.22,56.97,26.49,25.66,7.54,35.2,0.04917128211147034,0.0722807070651972
2014-07-01,2.002919173501545,0.07854139347888242,19.785326518951944,52.44214889865899,24.869333756014104,7.303801224006824,17.07583989315951,29.682660441153686,18.332810834988297,5.221259384027256,23.85,59.17,25.56271226835873,58.92157148827485,28.363562086153777,28.694331721477532,9.18208397990001,37.35188961309674,0.08833143060135308,0.028276104979908623
2014-08-01,1.3903125393731768,-0.4011704255221814,21.21311079351119,55.12598977564172,28.040822581502145,8.839960433194568,20.177023844896958,32.11030867835466,20.032374038904205,6.741471025318951,25.75,61.91,29.52071992378425,61.85209959841047,31.55572461733567,33.04355260926204,10.372820420783786,40.902561237644214,0.1081018666792314,-0.012912253957004757
2014-09-01,0.4506333790398017,-0.46643733967198603,21.74748278796654,55.89815178210254,29.053791275355483,9.366850809296158,21.180032006831418,32.859359389812994,20.459612342763858,7.272735285313313,26.29,62.85,30.7792819995936,62.75824006345021,32.573825208380654,34.43011797111968,10.822292159502087,42.0655478464412,0.12322203512393615,-0.024660269981125943
2014-10-01,-0.5976379789570545,-0.4697006853794763,22.51,56.11,30.4716328902331,10.6,22.83,34.16,21.23216887980941,8.68,27.26,63.84,32.65,63.78,34.01603300919055,36.33,11.65,43.63750587485476,0.12702927178267473,-0.009767232802541029
2014-11-01,-0.9339469585373464,-0.4076971169371619,22.737422480212633,57.261370272485614,30.7,10.365393322329654,22.9366857439816,34.15707726193089,19.85,8.274041988751499,27.35,64.23,32.99389196781849,64.29559540162771,34.17,36.91977028102547,11.65517148465964,44.13,0.13777111806983008,-0.018870956606565976
2014-12-01,-0.8560131785575682,-0.4272771911821033,22.91660276018394,57.25624825885911,30.911168451147322,10.498591190224493,23.076728774228286,34.21352830143927,21.16370346462862,8.41791149920094,27.37,64.345,33.14663971709789,64.35638187522571,34.457538365253214,37.10774326611773,11.80995324427245,44.20318687121179,0.15218422827791192,-0.02526319863158874
2015-01-01,-0.8657560262170004,-0.43380388259708375,21.571975264719946,58.57061580560589,31.268378881210158,9.64639234440528,23.070554882818513,34.80628766972289,22.734143769726533,7.455516392713957,27.81,65.03,33.3919836911441,65.22327061201935,34.75909531493031,37.05135473785237,10.630282305122385,44.319911155402785,0.16659733848599376,-0.03437134208407555
2015-02-01,-1.0291321040305632,-0.06015079908945237,21.56076761759954,58.19174774467365,31.054320554090385,9.52650610214621,22.855312723594224,34.582214423980524,22.351278332012413,7.359436060862482,27.43,65.19,33.06656060920121,64.98673391226845,34.5274530998791,36.65426950214103,10.627640833808279,44.15774382306501,0.21424218581535115,-0.04172586438351192
2015-03-01,-0.7524200305665566,0.47666956979269054,21.53,56.8,29.97,9.65,21.91,34.14,20.82,7.52,27.57,65.33,32.2,64.6,33.37,36.01,10.49,42.64,0.26999100831830924,-0.05023645892613732
2015-04-01,-0.5368055137209613,0.47830124264643564,21.13582357567389,56.50882494469955,29.27210537433044,8.96199082749886,21.21635552197467,33.16164883741502,21.157411227125916,6.821725637453049,26.44,63.35,30.93175477530516,63.210060547592335,32.75910152484976,34.422751697759644,10.285943315369646,42.19888419114431,0.2630563986898925,-0.045835170450994944
2015-05-01,0.7220969140019681,0.6855236950720652,20.195115351461613,54.08812733320972,26.90164329939928,7.725789106093556,18.867189175925667,31.221385506697523,19.324978177055915,5.645505463778946,24.44,62.13,27.826862939832203,60.95494887522221,30.33236340236968,30.902367603341695,9.514311891700672,39.713060969066255,0.06317647410611589,-0.0036005659804421073
2015-06-01,1.6640524117227955,0.06711968350266662,19.21,53.5,26.35,7.27,18.58,30.96,18.13,4.9,24.51,61.29,27.95,60.7,29.82,31.5,9.2,39.17,-0.07334015465722542,0.05485855225435302
2015-07-01,1.8906906504681926,-0.48275406820943717,21.669786383546054,56.497079836199255,29.70736389324109,9.3222733722888,21.693447620888556,33.37725624821003,20.87414903143018,7.222217024807428,26.39,64.04,31.44421580763919,63.482606788506374,33.18903340847848,34.996018746641774,10.748049966754987,42.816642104795896,-0.12011477646458539,0.045506175334906994
2015-08-01,1.625447876859816,-0.6615854129799018,22.339574885157294,57.54693602741072,31.129511975598167,9.96058111965314,23.066253512876884,34.4194448797177,21.42813699733981,7.8713055134847,27.01,65.61,33.15669472431372,64.7781934141077,34.6030517857774,36.82898997203291,11.311026249999145,44.472906919813916,-0.1418160254193954,0.06510078679212693
2015-09-01,0.37111324277177854,-0.6247096064852622,23.63,58.2,32.8,10.8,24.38,35.63,22.12,8.62,27.91,66.23,34.68,65.80879022897963,36.35,38.33,12.03,46.13,-0.15500538098716843,0.058474108769791665
2015-10-01,-0.5214819042009599,-0.593707822264105,23.484430103777957,59.24705072903966,33.031726783129415,11.228598979637285,25.047120986646895,35.89965016290632,22.56812560694546,9.116935752431871,28.59,66.44,35.70998130701417,66.44996421040807,36.56818401259339,39.814386156971786,12.270077321517796,46.532408908735555,-0.16533930906088748,0.06482044833279954
2015-11-01,-0.8915162833667346,-0.5072291610156139,23.67850422410385,59.28581189279745,33.24818557785606,11.357278095671104,25.26686932131235,36.02099992778025,22.488059808370718,9.260872092281243,28.57,66.81,35.953608889083746,66.61078455721542,36.7787633893215,40.070245978103976,12.43759915064442,46.827690061191156,-0.17363364606742515,0.06835633793035054
2015-12-01,-0.8264905640786813,-0.5676010566041831,24.04078290025911,59.674370268989236,33.85460015125638,11.677680799434752,25.868947425152797,36.44686384238536,22.643813921335635,9.592286163630785,28.81,67.48,36.69028536819777,67.13544014810661,37.38361675073598,40.87242491132664,12.744754241153,47.55166559183896,-0.18532730151926513,0.0708165558035911
2016-01-01,-0.7710416705993878,-0.5708644023116735,22.640717130977357,60.868930255730795,34.10395538956632,10.751036428796526,25.749537191464867,36.94857182234679,24.117870007522214,8.55941071423954,29.13,68.16,36.7836741930379,67.9031452082563,37.57175416040959,40.63389343419306,11.519387355015382,47.56085552716727,-0.19674901149548096,0.07870941877172548
2016-02-01,-0.8539851599231806,-0.4468572654270447,23.65,60.2,35.18,11.23,26.82,37.48,24.05,9.48,29.31,68.71,38.0,68.23,38.91,42.03,12.05,48.69,-0.22897455035694694,0.0933049974473407
2016-03-01,-0.6987813649043362,-0.3456935484948475,23.106747767079835,61.115351165097984,34.649243986332635,11.13008761558684,26.322439765859897,37.29915355689503,24.117697969572962,8.959487975178877,29.31,68.75,37.46047447018497,68.32438114014852,38.119839689525506,41.39781212623097,11.918203696591693,48.24203549115962,-0.2975048102142418,0.09777488625252577
2016-04-01,-0.4430105755037369,0.483196261207671,22.79,60.22,34.89,10.75,26.62,37.22,24.04,8.5,28.54,67.85,37.35,68.2,38.62,41.07,11.33,48.4,-0.2970968920008055,0.10559113110396111
2016-05-01,0.16414536410462044,0.9596447345012447,20.24,54.15,27.42,7.61,19.18,31.36,19.76,5.75,24.62,62.63000000000001,28.95,61.4,30.88,32.64,9.62,40.22,-0.27425347204837386,0.05909516861251548
2016-06-01,1.2392657214342055,0.25313038882960975,20.260446657953516,53.84023686597202,26.57800348706486,7.801408955618966,18.63166626433656,30.97926427470653,19.185452382419033,5.718114594017141,24.5,61.36,27.534252750308447,60.590655431019854,30.038006024658912,30.695764904898674,9.572894086340813,39.31697715191632,-0.2587525799377953,0.023696277755132982
2016-07-01,1.7031407777449319,-0.43380388259708375,21.303562267748514,55.69645471831307,28.75546288993628,8.928366186035545,20.786037772641556,32.649442328618385,20.370310963284123,6.8320531401147555,25.89,63.080000000000005,30.287740897770355,62.583598253479806,32.239814339912456,33.75803515398781,10.443905168466149,41.74217447636419,-0.2546733978034325,0.008067121694861254
2016-08-01,1.7472735177733005,-0.6798601489418471,22.37265719090889,57.60691843783543,31.110033923654402,10.034899163627772,23.07647751750722,34.427049268185236,21.520953155102063,7.936375766020273,27.17,65.31,33.18979957145114,64.75150819066175,34.59955572225216,36.917571836750774,11.33769839360248,44.413204090754256,-0.25619629246692793,0.018219258437651636
2016-09-01,0.3523455182514753,-0.664848758687392,24.26,58.3,32.67,10.41,24.32,35.45,21.2,8.22,27.8,66.39,34.75,66.13,36.14,38.55,11.8,46.05,-0.2595412218171054,0.016655281394293033
2016-10-01,-0.4899002502457749,-0.4958074510393981,23.19722414659621,58.615124586185665,32.371397852836395,10.880564524555473,24.391507773985673,35.37214387085318,22.115213145359238,8.780787555855348,28.08,66.04,34.854345811207885,65.8322579619473,35.8947415071325,38.84898951614971,12.03255471144412,45.8240613160829,-0.25138285754837986,0.019287085890558452
2016-11-01,-0.690499085723648,-0.45664730254951535,23.29695387724847,58.45187317928015,32.27927799734856,10.937191766478056,24.33655582339638,35.27456904898051,21.94954098217168,8.846907294887583,28.02,65.9,34.762955239210804,65.69736097658779,35.80879437531772,38.7831134985366,12.12095993055911,45.74327530457946,-0.247167702676205,0.03603851902748231
2016-12-01,-0.6740333573507373,-0.5610743651892027,23.06,58.23,33.18,10.82,24.97,35.81,21.92,9.11,28.54,66.475,35.59,66.13,36.65,39.58,11.75,46.58,-0.24662381172495662,0.04874328625481098
2017-01-01,-0.5403424655236102,-0.5839177851416343,22.152990714440364,59.82113627223289,32.73957955757959,10.277666384918595,24.48083660326752,35.93493563091702,23.530518511169724,8.079343054832766,28.62,66.44946135099752,35.19286088372365,66.60875822939995,36.22994521144296,38.99236158341129,11.112878774305731,45.97321066312116,-0.24771159362745335,0.06796822001112579
2017-02-01,-0.8154293168182918,-0.4207504997671228,22.13268711141189,59.42357789412564,32.44334384930093,10.17374392810837,24.204728631087534,35.66293058635266,23.172281408980602,7.993424080998221,28.305,66.35001241227037,34.803093602448065,66.29048921775228,35.92631170546915,38.55932329473361,11.102042743680158,45.69383188085816,-0.2455360298224599,0.07118120693653318
2017-03-01,-0.4799576143603825,0.5745699410173974,20.97,55.97,29.62,8.99,21.27,33.51,20.75,6.61,27.61,65.8,31.61,63.6,33.03,35.15,10.12,42.17,-0.1688474056964395,0.08941651948186265
2017-04-01,-0.5166457116452159,0.7817923934430271,20.78057878949254,55.744519332614075,28.353357467425095,8.584418498301945,20.3414721747042,32.461733252817304,20.68254957813492,6.4467827726479,25.97,62.405,29.81891033868535,62.343427858222775,31.843877362548255,33.23417093924892,9.990666081950316,41.15833593552092,-0.14396439467682648,0.0832802581367394
2017-05-01,0.34542759871625445,2.2551929803748663,17.78,50.37,24.46203492528551,6.21,16.28,28.96,18.244607027545147,4.05,23.48,59.15,23.53,57.27,27.92867242152998,27.935578223503704,7.91,36.885073784418964,-0.03600204085402466,0.09838711102104224
2017-06-01,0.8897386477938783,2.0577605650717072,18.652504586364135,50.394055519467834,24.0,6.114334530113842,14.651268152821551,27.797294929280653,17.075166160764855,4.037955949999148,22.44,56.91,22.482283368976105,56.63351034651236,27.45,25.89,8.23569730970755,36.08,0.11438380716615011,0.06925985488434831
2017-07-01,2.601223444395125,-0.21189637448774806,20.43559138560294,53.84346711379377,26.39904044148575,8.061374800285963,18.577583914928297,30.886044744090213,19.297385874459636,5.958804911526045,24.91,60.290000000000006,27.506814016987825,60.353577627009464,29.912987990852407,30.85568534165572,9.720936518734948,39.0218207775759,0.13287609950859477,0.14410007710519776
2017-08-01,2.327583880752454,-0.5773910937266539,21.87261671205435,56.54533779813517,29.717946178506406,9.553378702674278,21.782528963553816,33.39509933488627,20.93183198698582,7.447153945883603,26.66,63.550000000000004,31.569266925061847,63.432039799257886,33.231214911741574,35.24744900471709,10.920689324870295,42.79028829162625,0.14141518744319417,0.1924592740201272
2017-09-01,0.7477321111849422,-0.5643377108966929,22.84,56.08,30.96,10.35,22.77,34.27,20.71,8.01,27.17,64.6,32.52,64.19,34.47,36.0,11.67,44.28,0.1497911080924191,0.22540815676458278
2017-10-01,-0.43734613936748534,-0.46643733967198603,22.67391293821063,57.50257279717165,30.979437705463685,10.347954674921988,23.0798010372812,34.32520421158114,21.45715853329359,8.246684293132777,27.46,64.46,33.19777859379945,64.51724550785383,34.516377832392465,37.10668308026113,11.59685514217826,44.22611213004806,0.1522386173730368,0.22978766600444023
2017-11-01,-0.6512201907408072,-0.4615423211107507,23.13677421501923,58.12001945077651,31.864863054102802,10.773755759994225,23.94433850394563,34.962731748060285,21.752805844205565,8.683132971425017,27.83,65.44,34.26740973347079,65.30720374796047,35.39776415115809,38.259389181526124,11.987508138725492,45.268270812153155,0.15183069915960054,0.23306090725301032
2017-12-01,-0.5476172076595848,-0.46643733967198603,22.43,57.15,32.61,10.29,24.54,35.34,22.01,8.47,28.1,66.16,34.96,65.42,36.11,38.69,11.45,46.13,0.1597171179527019,0.24359558639393966
2018-01-01,-0.5308053532102619,-0.4697006853794763,22.192562642166482,59.90453536216353,32.95792345716339,10.269032740242002,24.654366502486653,36.07225531288942,23.510659165097266,8.082025445380946,28.519999999999996,67.02,35.38772714024075,66.82305571110408,36.427929432728654,39.13567832998505,11.147024723634207,46.26824318614164,0.1692352095995484,0.24439034575338536
2018-02-01,-0.7121501592646727,-0.2967433628824941,22.350998904720463,59.89163131610639,33.11746353456603,10.357919511263669,24.814197303500485,36.14908995912828,23.39541602564835,8.186943381963172,28.449999999999996,67.37,35.5539169391082,66.93424256288532,36.579415563203035,39.30005867424095,11.2846860061623,46.50239301344262,0.17956913767326746,0.25299694221618696
2018-03-01,-0.38854598798722245,-0.18578960882782622,22.673889094258232,60.19626910015369,33.56710458706931,10.660451852700293,25.283263964511306,36.469256183033096,23.532955466849042,8.495283926483683,28.71,67.715,36.1336450516251,67.30707050804563,37.03733690566761,39.96528424875546,11.558508088779998,47.02621396675952,0.11620584185283216,0.26061457774728364
2018-04-01,-0.35082501275311,0.9302746231338326,22.33,58.39,34.02,10.06,24.58,36.29,23.04,8.0,27.98,66.66,36.35,66.89,37.52,40.08,10.62,47.14,0.1285793609937326,0.2744329693216258
2018-05-01,0.20687218835225715,6.4779623258672245,16.54,46.56,20.42,4.61,12.76,26.44,15.99,2.96,21.46,54.870000000000005,17.47,54.80479865226236,23.93,21.04,5.89,31.86,0.4804768064514291,0.262886685124626
2018-06-01,0.5432249582686335,3.29620026106425,17.649142945330343,48.23713098394644,19.669899387268938,5.100308079576026,12.101595079577628,25.759087167952707,15.809158612695654,3.0193568450952917,21.27,53.76,19.265852307218672,54.06405195696806,23.1841931154812,21.956511348272954,7.400413233267031,31.42381578031881,0.5836801144508077,0.23401054433085564
2018-07-01,2.1568620408564185,0.34939908720057156,19.315119652754827,51.43429526477174,23.400410140064483,6.914539703710053,15.752009327074958,28.626865251353564,17.862868270780215,4.810173454857942,23.56,56.905,23.935184596204166,57.51779435019275,26.9428263283379,27.097314098937595,8.788517532702759,35.58416049889744,0.6304547362581676,0.19698042736929675
2018-08-01,2.1916979349883494,-0.33590351137237684,22.72,53.67,28.09,10.38,20.7,32.61,19.76,8.05,25.82,61.255,30.25,61.52,31.6,33.26,11.8,41.33,0.6505787014543573,0.18565659855562136
2018-09-01,0.9423136173552936,-0.41422380835214234,21.876527168425394,56.17800756626099,29.239615542884206,9.568644887979099,21.400834825841706,33.03792422335704,20.724880244168034,7.458771448258652,26.655,62.6,31.09311888096409,62.92289045816334,32.7838299073529,34.84795561624147,10.92795402651829,42.21513022408741,0.6630881933330698,0.20187172406981732
2018-10-01,-0.32579859153106266,-0.3195867828349257,22.33743894830464,56.780652326092195,29.975866260625597,10.04861539106348,22.16368219928102,33.594031299227915,21.091037005462553,7.936488491609641,27.189999999999998,63.03,32.06221744230867,63.56101334766947,33.53910060206941,35.96835465517466,11.315738312883521,43.03460475713869,0.6753257397361584,0.21116735305618586
2018-11-01,-0.6753826165626173,-0.2787949614912978,22.604194631311856,56.97617351615424,30.354531511460156,10.265803702644535,22.545530969293615,33.84539756579496,21.12428588109372,8.165817552744116,27.3,63.49,32.51777981321427,63.87298693131402,33.91560045781274,36.46496827396751,11.543394067710768,43.5029922274283,0.6905546863711126,0.20915381757103502
2018-12-01,-0.5220714522150306,-0.4272771911821033,23.01,55.83,31.36,11.05,23.56,34.57,22.82,9.21,27.915,64.89,33.66,64.08,34.86,37.59,12.2,44.75,0.6938180320786028,0.21128263052474786
2019-01-01,-0.4073699729088094,-0.4729640310869665,22.114187644566183,59.738123829113235,32.60775146739884,10.250178693116956,24.364633200038263,35.84238034171873,23.49839025995443,8.048992782486337,28.61,66.22,35.0520682084936,66.48214541148229,36.10391960350425,38.859572003261285,11.080285661908114,45.810952166675314,0.6935460866029789,0.2215689122165356
2019-02-01,-0.6841088936354605,-0.5529160009204771,22.49264339146807,60.200403837894534,33.21532412807798,10.6257863103562,24.986974213592376,36.29079864021059,23.75313570115273,8.426894804033783,28.99,66.67,35.83354182946136,67.00725296935923,36.72208179511109,39.74870905895235,11.399517813178939,46.50273560901129,0.6721983667664801,0.2239056843523033
2019-03-01,-0.31725472659037496,-0.5023341424543786,22.608315190764024,60.05948913035243,33.11065644930275,10.716113864749333,24.933649544749954,36.193285264515616,23.62521855499922,8.522723718096078,29.0,66.39,35.75289302958418,66.85589271610459,36.63091571371672,39.71889085696758,11.500902444082172,46.391192232813374,0.6458196556309341,0.22984662280204057
2019-04-01,-0.37024531739022376,1.502991794798368,22.41,59.09,31.91,10.34,22.22,35.36,23.96,8.15,26.425,63.485,33.73,64.82,35.32,35.75,11.07,44.2,0.6935460866029789,0.2282282640822811
2019-05-01,0.6590298333512724,2.2192961775924736,18.71,51.75,23.62,6.4,15.76,28.87,17.35,4.46,23.44,58.835,22.95,56.85,27.09,26.35,7.82,35.71,0.33865724091341615,0.26590806783219906
2019-06-01,1.2938507715310485,0.8535859990078122,18.990701955805264,51.12422480601747,23.089943889848993,6.547837987663241,15.373042249862849,28.376921468575176,17.633519163714155,4.451998225436263,23.11,57.13,23.438152838188188,57.28653543604051,26.59945899290664,26.440447039791344,8.51497302467353,35.27687063183785,0.13510605240871307,0.32846021893740024
2019-07-01,1.7720152972041996,-0.0650458176506877,20.21758177942844,53.37543131514871,25.767883118356902,7.859087341713371,17.996521618442337,30.422063142986666,19.048199485740547,5.751392780378161,24.71,59.44,26.782719202123154,59.75338188011371,29.295582973097183,30.11993058368339,9.53900042027054,38.27927783851811,0.10056897700444144,0.29638965696638203
2019-08-01,1.618113285781446,-0.49907079674688837,21.50526661558661,55.75705448518414,28.63006757064267,9.223169190453335,20.78744858106692,32.6008142099668,20.527231496966774,7.105870700854126,26.355,62.02,30.33426038851629,62.39596253457532,32.17070347498297,34.005395888893126,10.613860318867932,41.50146378846173,0.08697170322323215,0.24859093619914008
2019-09-01,0.3819638348376795,-0.38974871554596563,22.64,56.7,29.93,10.42,21.97,33.41,20.76,7.89,26.7,63.05,31.54,62.73,33.43,35.15,11.87,43.17,0.08901129429041355,0.20189512098933893
2019-10-01,-0.47789718829759564,-0.33916685707986705,22.496922377821083,57.123197020615805,30.427160593955517,10.201152892510757,22.58191797001168,33.92812003113255,21.279865796770476,8.091731674590434,27.35,63.61,32.585552355643436,63.98949989142499,33.98212887951128,36.50560996533169,11.448719723914238,43.561710115400366,0.08737962143666843,0.18922023792546117
2019-11-01,-0.6230090337172346,-0.3701686413010242,23.11212653694229,58.06839011753899,31.707764554961603,10.788354588348062,23.822415840746416,34.86640435321114,21.778410089865197,8.688571787505477,27.92,65.0,34.13313818052877,65.1523056418786,35.25697897427799,38.16813744119735,11.966011960866314,45.05192416743122,0.07976514811919123,0.19358470316257637
2019-12-01,-0.5260814695535014,-0.4435939197195544,23.678960332762482,58.897267917432636,32.82846159622942,11.33261292809623,24.918594127717185,35.68774488580429,22.216845076959345,9.240851697536506,28.45,66.155,35.50159362548316,66.16101141390448,36.37662397913931,39.653330764229175,12.443032572785725,46.352292737153284,0.0784054207410703,0.19325053505103718
2020-01-01,-0.5030904421318498,-0.4925441053319079,23.36,60.55,33.68,11.4,25.65,36.42,23.12,9.41,29.02,67.35,36.78,67.26,37.18,40.9,12.21,47.27,0.07677374788732517,0.18527382928245043
2020-02-01,-0.6900709253210214,-0.4925441053319079,23.54,61.44,34.57,11.53,26.41,37.05,23.52,9.57,29.46,68.59,37.76,68.2,38.07,41.93,12.32,48.09,0.0818047391863726,0.1847769933086537
2020-03-01,-0.5134397532391941,-0.4272771911821033,23.66,62.22,35.26,11.47,27.21,37.63,24.06,9.4,29.68,69.04,38.66,69.05,38.75,42.89,12.1,48.92,0.08805948512572888,0.16842824108791876
2020-04-01,-0.527779872164551,0.024696189305293624,22.06,61.11,31.97,9.87,23.28,36.36,20.9,7.59,29.38,68.66499999999999,34.35,66.76,35.4,37.87,9.75,44.49,-0.0351318153320273,0.15530036152339147
2020-05-01,0.1356084007156033,2.561947476878948,18.95,54.16,24.88,6.38,16.37,30.41,17.37,4.45,25.26,62.98500000000001,23.89,59.27,28.32,26.88,7.85,36.66,-0.006577540391487761,0.1116819088037524
2020-06-01,0.7736773693758238,2.245402943252395,19.09,51.78,24.44,7.42,17.14,28.99,17.29,4.87,22.72,57.29,25.43,57.77,27.94,28.24,9.43,37.0,0.10940720496222749,0.068334125290817
2020-07-01,1.816980122717166,0.47666956979269054,21.86,53.77,26.21,9.67,19.16,30.88,19.13,7.3,23.769999999999996,58.08,29.13,59.75,29.72,31.87,11.45,39.25,0.15455015391584234,0.07208119408356421
2020-08-01,2.2186488829774933,-0.4272771911821033,22.96,57.0,29.25,10.56,21.11,33.48,20.69,8.12,26.1,61.84,32.01,63.23,32.75,35.08,12.02,42.59,0.16053295437957443,0.12212582718323482
2020-09-01,1.0494324954722556,-0.4697006853794763,22.73,58.36,30.93,10.88,22.81,34.11,21.67,8.65,27.09,64.1,34.1,64.55,34.43,36.98,12.06,44.25,0.15387029022678186,0.1777482155694495
2020-10-01,-0.20629566725010764,-0.3261134742499061,24.16,58.55,30.4,10.57,22.67,34.32,21.26,8.43,27.59,64.73,33.19,64.64,33.9,37.12,11.72,43.72,0.15495807212927862,0.20038167565674017
2020-11-01,-0.6117940642271861,-0.23147644873268947,22.817538847175904,58.62,30.41,10.7,22.75,34.4,21.93,8.69,27.42,64.52,33.52,64.28,33.91,37.73,11.85,44.51,0.1665157548433065,0.20131625644757753
2020-12-01,-0.6285190796668809,-0.4076971169371619,22.84,58.88,31.48,11.02,23.87,34.87,22.19,9.12,28.11,65.61,34.65,64.89,34.98,38.78,12.19,45.02,0.16950715507517256,0.19277978893812922
2021-01-01,-0.5540964913846197,-0.4501206111345349,22.95,60.65,33.56,11.23,25.48,36.16,23.0,9.27,28.800000000000004,67.08,36.61,67.06,37.06,40.9,12.16,47.13,0.173042446258287,0.18852928483373174
2021-02-01,-0.8025551468800464,-0.5104925067231042,23.21,61.93,34.6,11.14,26.17,36.99,23.65,9.28,29.18,68.21,37.07,68.33,38.08,41.13,12.0,48.17,0.17154674614235396,0.179155599703813
2021-03-01,-0.5043578651012994,-0.26410990580759175,23.21,62.1,34.69,11.32,26.51,37.21,23.87,9.14,29.26,68.37,37.86,68.63,38.15,41.81,12.0,48.13,0.18514401992356325,0.17991242371530425
2021-04-01,-0.4568011132734152,0.32981901295563015,21.98,58.95228956436268,32.219135770348885,10.2,24.01982430595362,35.40432720032466,22.669572361969067,7.91,27.93,66.41,34.495593931769896,65.99061635263405,35.693205921579704,38.03,11.0,45.540577791705324,0.2105709218944246,0.18582732028956553
2021-05-01,0.6722291831574121,1.7754811613738022,21.03676734990623,59.57,29.6,7.48,21.34,34.71,19.195,5.38,25.73,63.82999999999999,32.08,65.35,33.06,33.70572892271024,10.212435259499955,40.975,0.14503206226899581,0.23054571882638294
2021-06-01,1.3770690998019766,1.2223440639542082,20.7,53.92,25.52,8.74,18.35,30.19,19.12,6.44,23.47,59.12,33.1,59.74,29.06,31.4,11.21,38.7,0.059777155660813576,0.28082836302856234
2021-07-01,2.5004203249295265,-0.32937681995739637,20.84984471920396,54.734979411487096,27.45370140062545,8.50896109964299,19.58684128780709,31.693677690162716,19.861597646924544,6.401653993414449,25.48,61.325,28.794303716874076,61.34721350972725,30.966413943877797,32.2401260168128,10.065080784454768,40.20942837622992,-0.007393376818360331,0.3377817132129257
2021-08-01,1.6366671535205184,-0.49907079674688837,22.235542154699356,57.32742234817007,30.572928396610546,9.975660667375644,22.6214836404365,34.06735735107591,21.469412831952617,7.858380283392954,27.25,64.18,32.65505550750539,64.2325119932359,34.09699225640719,36.45385752418935,11.22144660850659,43.72419811856174,-0.013376177282092422,0.2892832357581778
2021-09-01,0.7948956943409902,-0.5676010566041831,23.32,60.49,32.45,11.28,24.39,35.45,22.118386749569424,9.1,27.98,65.785,34.13,65.96,35.95,38.13,12.43,45.49722670446062,-0.021534541550817993,0.2680718356639057
2021-10-01,-0.25736997709619797,-0.5186508709918297,23.31,61.05,33.18,11.48,25.05,36.12,22.58,9.51,28.69,66.65,35.42,66.63897146826962,36.69,39.32,12.4,46.255,-0.03757932461264496,0.2638156431767315
2021-11-01,-0.41273319270844355,-0.48275406820943717,23.92914108869796,59.82537885863038,33.73,11.33,25.68,36.39,23.455,9.22,28.93,67.39,36.725540639548875,66.66,37.24,40.906793828356264,12.36,47.52844191814193,-0.058519126235707264,0.2804040491366267
2021-12-01,-0.4910680508916224,-0.4697006853794763,23.08,61.72,34.28091296130118,11.872354874809735,26.28171502211748,36.77738028883015,22.89043187711542,9.783375997882274,29.07,67.85,36.61,67.33,37.81215960861482,40.7,12.888900281261773,46.45,-0.0636860902725668,0.29185830153456493
2022-01-01,-0.3254931555491832,-0.5643377108966929,23.22,59.88,30.54,11.22,22.58,35.47,24.36,9.54,28.14,65.88,33.27,65.61,34.01,36.62,12.23,43.26,-0.0732041819194133,0.31090857952085127
2022-02-01,-0.588905036134546,-0.5153875252843395,23.36,60.59,33.17,11.43,25.2,36.19,24.48,9.5,28.78,66.85,36.54,66.59,36.7,40.89,12.42,46.75,-0.07361210013284958,0.3287127554163097
2022-03-01,-0.2807407679847612,-0.24126648585516014,23.02,61.07,33.45,11.17,25.4,36.42,24.64,8.93,28.74,67.44,36.59,67.01,36.94,40.8,12.14,46.97,-0.07170848180348027,0.3473475135093545
2022-04-01,-0.37528202140807054,-0.09767927472559002,22.41,60.54,31.12,10.63,23.08,35.52,24.48,8.3,28.09,66.15,34.68,66.16,34.6,38.9,11.63,43.98,-0.10733333911024863,0.35414077116479986
2022-05-01,0.324994201475273,1.0151216115285786,21.23,54.97,29.7,8.6,21.06,34.32,24.36,6.82,26.16,64.09,31.85,64.71,33.15,35.64,10.13,42.11,-0.1706966349306839,0.3252045226912883
2022-06-01,0.6073624468357951,1.8913299339897054,18.02,55.7,26.37,6.58,18.3,31.18,16.23,3.98,23.54,59.485,26.87,60.73,29.83,30.02,8.39,38.36,-0.11494781242772585,0.2610623016107732
2022-07-01,2.18513324951277,0.08180473918637265,19.84,54.05,25.4,8.39,17.95,30.1,18.33,5.65,24.65,60.14,26.37,59.0,28.93,29.98,10.68,38.27,-0.08068268249907842,0.23478837865937682
2022-08-01,2.4643167913179633,-0.5447576366517516,23.06,56.82,29.42,10.88,21.82,33.17,21.47,8.73,27.11,63.71999999999999,33.3,62.77,32.94,35.79,12.32,42.79,-0.08448991915781702,0.3037591818091639
2022-09-01,1.0850111945813525,-0.6002345136790855,23.36,59.25,32.08,10.99,21.74,35.07,22.71,8.96,27.83,65.59,34.1,65.29,35.59,37.57,12.33,45.46,-0.08720937391405888,0.3279354734958608
2022-10-01,-0.2909298431305697,-0.48275406820943717,23.307341607326734,58.86626688210221,32.55904363861788,11.046799797685695,24.601360497957465,35.54322794842387,22.3406219657959,8.93497723938312,28.375,65.91,35.14625273274704,66.00303761380331,36.099786008331876,39.220499646398984,12.122723673123918,45.99101525982666,-0.08421797368219285,0.3251388179929965
2022-11-01,-0.6214725254435871,-0.5007024696006335,23.37,60.94,33.17,11.57,25.47,36.31,23.8,9.8,28.739999999999995,66.82,35.34,66.44,36.68,39.4,12.62,46.75,-0.08571367379812588,0.3077438735984012
2022-12-01,-0.561945206621315,-0.5382309452367711,24.23684318080303,60.098254082552046,34.224147283849916,11.946156365489246,26.261617214717944,36.76278893422725,22.992137902837964,9.845548935343281,29.25,67.45,37.22041612831749,67.47413976981656,37.774888791313664,41.51546395066996,12.906231770699303,47.913609191059585,-0.09142452878623376,0.3018374439542601
2023-01-01,-0.49136992597198736,-0.5643377108966929,23.63,62.15,34.6,11.71,26.28,37.11,24.575,9.72,29.42,68.35,36.88,67.77,38.11,40.8,12.54,48.15,-0.09142452878623376,0.2880143797523598
2023-02-01,-0.7366774784497887,-0.5953394951178501,23.71,62.78,35.1,11.78,26.89,37.55,24.88,9.85,29.75,68.97,37.36,68.33,38.61,41.21,12.55,48.71,-0.0980871929390263,0.27570000955942287
2023-03-01,-0.44750240631072724,-0.5676010566041831,23.48147914723913,61.93563534840094,35.532735887500806,11.572546396120883,27.191509563684207,37.9974688175735,24.689613337355325,9.389092536825327,29.94,69.37,38.588338133094844,69.15236168083958,39.01612756902885,42.65575098279604,12.228442309295662,49.20181476759176,-0.12528174050144492,0.2618032063655924
2023-04-01,-0.5071147721753716,-0.09115258331060955,23.75,62.32,35.48,11.73,27.15,37.9,25.26,9.6,29.41,68.815,39.1,68.89,38.97,42.28,12.54,49.02,-0.12473784955019653,0.2508171438016506
2023-05-01,0.310875314497155,3.0188158759275803,18.27,56.17,24.5,6.23,16.57,28.69,19.629385297307564,5.872441949301134,24.8,62.29,24.1,59.88,28.0,24.48,7.99,37.1,0.04223667248305363,0.24964056988680747
2023-06-01,0.7261496391256097,1.189710606879306,19.8,53.75,24.85,7.91,17.52,29.68,19.12,5.66,23.53,58.82999999999999,25.64,58.42,28.39,29.46,9.99,37.99,-0.016231604776146342,0.2595395025776253
2023-07-01,2.0853723640002997,-0.22821310302519923,22.25,55.83,27.48,9.73,20.0,31.7,21.49,7.74,25.22,61.25,29.32,69.96,31.0,33.4,11.52,40.79,-0.042066424960444,0.25122609545158614
2023-08-01,1.817746204842264,-0.5414942909442614,22.99,59.11,30.47,10.28,22.3,35.22,21.243871812356815,8.12,26.94,64.39,32.34,64.38,34.04,35.92,11.84,44.24,-0.04179447948481982,0.19734521324527785
2023-09-01,0.695998924000347,-0.5104925067231042,22.97,58.38,31.57,10.76,23.35,34.38,21.49132154045261,8.36,27.33,64.76,33.82,64.43,35.07,37.13,12.0,44.98,-0.034315978905154705,0.16492752403019406
2023-10-01,-0.521807834944594,-0.45991064825700556,23.17,59.55,32.22,11.08,24.12,35.12,23.29,9.35,27.85,65.26,33.81,65.08,35.72,37.59,12.05,45.63,-0.03241236057578541,0.14568769137902535
2023-11-01,-0.5553097499556178,-0.4468572654270447,23.21,60.74,33.15,11.2,25.22,36.83,23.97,9.5,28.22,66.28,35.73,66.35,36.65,39.84,12.15,46.82,-0.027925260227986342,0.1512012560030228
2023-12-01,-0.6463451461237819,-0.508860833869359,23.73,61.26,33.62,11.18,25.55,35.35,24.17,9.26,28.78,67.57,34.25,66.92,37.13,40.53,12.07,47.19,-0.025477750947368667,0.14416792771115058
