time,Q,151179,151189,157214,151101,67037,151191,157208,69402,151081,151061,151204,151161,150967,151190,151188,151143,164350,274392,136400,151203,156566,157207,157209,157211,209148,209157,209254,209255
1995-06-30,8235.0,,,,8.15,,,,,,,,,,,,,43.02,,,,,,,,31.22,27.85,,
1995-07-31,3910.0,21.53,,,8.15,20.08,28.81,,53.57,6.97,26.27,,31.61,,64.09,5.08,19.32,44.034000000000006,,,12.95,,,,,32.782,29.158,,
1995-08-31,1530.0,21.72,,,8.82,20.8175,30.2625,,54.81666666666667,7.5375,27.6625,,32.75,,64.715,6.02,20.5375,45.048,,,13.0,,,,,34.344,30.466,,
1995-09-30,1535.0,21.91,,,9.49,21.555,31.714999999999996,,56.06333333333333,8.105,29.055,,33.89,,65.34,6.96,21.755000000000003,46.062000000000005,,,13.05,,,,,35.906,31.774,,
1995-10-31,1610.0,22.1,,,10.16,22.2925,33.1675,,57.31,8.6725,30.447499999999998,,35.03,,65.965,7.9,22.9725,47.076,,,13.1,,,,,37.468,33.082,,
1995-11-30,1735.0,22.29,28.31,,10.83,23.03,34.62,,57.432500000000005,9.24,31.84,13.29,36.17,25.97,66.59,8.84,24.19,48.09,,,13.15,,,,,39.03,34.39,,
1995-12-31,2630.0,22.80333333333333,27.74,,11.296666666666667,22.43,34.82666666666667,,57.555,8.926666666666668,32.43666666666667,13.48,35.803333333333335,25.57,65.99,8.91,24.283333333333335,47.663333333333334,,,13.493333333333334,,,,,39.010000000000005,34.3025,,
1996-01-31,1900.0,23.316666666666666,28.43,,11.763333333333334,21.830000000000002,35.03333333333333,,57.677499999999995,8.613333333333333,33.03333333333333,13.77,35.43666666666667,26.34,66.82,8.98,24.376666666666665,47.23666666666667,,,13.836666666666666,,,,,38.99,34.215,,
1996-02-29,3250.0,23.83,27.89,,12.23,21.23,35.24,,57.8,8.3,33.63,13.665,35.07,25.65,67.11,9.05,24.47,46.81,,,14.18,,,,,38.97,34.1275,,
1996-03-31,2410.0,22.203333333333333,28.5,,10.483333333333334,20.411666666666665,35.24,,55.669999999999995,7.916666666666667,31.167500000000004,13.33,33.056666666666665,25.91,66.97,7.3133333333333335,22.287499999999998,44.6,,,13.633333333333333,,,,,38.95,34.04,,
1996-04-30,8360.0,20.576666666666664,27.29,,8.736666666666666,19.593333333333334,29.905,,53.54,7.533333333333334,28.705000000000002,13.33,31.043333333333333,25.64,67.12,5.576666666666666,20.105,42.39,,,13.086666666666666,,,,,32.86,28.66,,
1996-05-31,12600.0,18.95,24.955,68.67,6.99,18.775,24.57,57.72,51.41,7.15,26.2425,12.96,29.03,21.215,59.88,3.84,17.9225,40.18,,,12.54,15.71,,7.81,,26.77,23.28,,
1996-06-30,13400.0,19.52,21.814999999999998,66.18333333333334,8.186666666666667,20.06,26.8,59.31,52.55,7.486666666666667,23.78,12.015,30.286666666666665,20.76,56.74,5.113333333333333,15.74,41.62,,,12.686666666666666,16.023333333333333,,9.663333333333332,27.21,29.156666666666666,25.853333333333335,,
1996-07-31,3530.0,20.09,23.634999999999998,63.696666666666665,9.383333333333333,21.345,29.03,60.9,53.69,7.823333333333333,25.93,10.915,31.543333333333333,23.33,58.2,6.386666666666667,18.22,43.06,,,12.833333333333334,16.336666666666666,,11.516666666666666,29.450000000000003,31.543333333333333,28.426666666666666,,
1996-08-31,1630.0,20.66,25.42,61.21,10.58,22.63,31.26,62.49,54.83,8.16,28.08,10.35,32.8,24.22,62.0,7.66,20.7,44.5,,,12.98,16.65,,13.37,31.69,33.93,31.0,,
1996-09-30,1505.0,21.293333333333333,26.09,66.38,10.93,22.826666666666664,32.38333333333333,64.19,56.013333333333335,8.7,29.763333333333332,10.605,34.086666666666666,24.63,63.75,8.12,22.44333333333333,47.31,,,13.213333333333333,17.2725,,13.65,33.34,35.86333333333333,32.42333333333333,,
1996-10-31,1570.0,21.926666666666666,27.52,71.55,11.280000000000001,23.023333333333333,33.50666666666667,65.56,57.196666666666665,9.24,31.44666666666667,10.82,35.37333333333333,25.48,65.125,8.58,24.186666666666667,50.12,,,13.446666666666667,17.895,,13.93,34.99,37.79666666666667,33.84666666666667,,
1996-11-30,1555.0,22.56,28.189999999999998,76.72,11.63,23.22,34.63,66.93,58.38,9.78,33.13,10.883750000000001,36.66,26.225,66.5,9.04,25.93,52.93,,,13.68,18.5175,25.7,14.21,36.64,39.73,35.27,12.06,
1996-12-31,1460.0,22.919999999999998,28.69,76.965,11.98,23.18,34.962500000000006,66.98375,58.7425,9.677499999999998,33.2475,10.9475,36.614999999999995,26.66,67.44,8.905,25.865000000000002,50.99333333333333,,,13.6825,19.14,26.6675,14.0075,36.7675,39.79333333333333,34.73666666666667,12.100000000000001,
1997-01-31,1990.0,23.28,28.78,77.21000000000001,11.63,23.14,35.295,67.0375,59.105000000000004,9.575,33.365,11.01125,36.56999999999999,26.235,67.625,8.77,25.8,49.056666666666665,,,13.684999999999999,19.093333333333334,27.634999999999998,13.805,36.894999999999996,39.85666666666667,34.20333333333333,12.14,
1997-02-28,1635.0,23.64,28.97,77.455,11.28,23.099999999999998,35.6275,67.09125,59.4675,9.4725,33.4825,11.075,36.525,26.485,68.02,8.635,25.735,47.12,,,13.6875,19.046666666666667,28.6025,13.602500000000001,37.0225,39.92,33.67,12.18,
1997-03-31,1840.0,24.0,28.66,77.7,10.93,23.06,35.96,67.145,59.83,9.37,33.6,11.13875,36.48,26.32,67.7,8.5,25.67,43.97,,,13.69,19.0,29.57,13.4,37.15,35.54,28.803333333333335,12.22,
1997-04-30,4020.0,19.85,27.15,73.34,7.855,19.13,29.27,61.8225,56.575,8.084999999999999,27.975,11.2025,31.904999999999998,24.16,62.370000000000005,5.765,19.8,40.82,,,12.835,16.695,27.86,9.725,31.465,31.160000000000004,23.936666666666667,9.185,
1997-05-31,16800.0,15.7,22.78,68.98,4.78,15.2,22.58,56.5,53.32,6.8,22.35,11.26625,27.33,17.77,57.04,3.03,13.93,37.67,,,11.98,14.39,26.15,6.05,25.78,26.78,19.07,6.15,
1997-06-30,16000.0,16.976666666666667,20.895000000000003,67.49333333333334,6.263333333333334,16.456666666666667,24.786666666666665,57.88666666666666,53.29666666666667,7.29,23.98,11.33,28.64333333333333,18.52,53.9,4.52,15.946666666666667,39.70333333333333,,,11.89,15.166666666666666,24.74,8.193333333333333,27.436666666666667,28.78,22.286666666666665,7.8100000000000005,
1997-07-31,4580.0,18.253333333333334,23.5,66.00666666666666,7.746666666666667,17.71333333333333,26.993333333333332,59.27333333333333,53.27333333333333,7.779999999999999,25.61,11.51,29.956666666666667,19.27,57.51,6.01,17.963333333333335,41.73666666666667,,,11.8,15.943333333333333,23.330000000000002,10.336666666666666,29.093333333333334,30.78,25.503333333333334,9.47,
1997-08-31,2370.0,19.53,24.97,64.52,9.23,18.97,29.2,60.66,53.25,8.27,27.24,11.690000000000001,31.27,20.66,61.12,7.5,19.98,43.77,,,11.71,16.72,21.92,12.48,30.75,32.78,28.72,11.13,
1997-09-30,1910.0,20.26,25.814999999999998,68.67999999999999,9.63,20.226666666666667,30.516666666666666,62.056666666666665,54.526666666666664,8.906666666666666,29.036666666666665,11.870000000000001,32.43666666666667,21.259999999999998,62.11,8.173333333333334,21.353333333333335,44.32333333333334,,,12.163333333333334,17.36,23.296666666666667,12.343333333333334,32.52333333333333,33.96333333333333,29.68,11.286666666666667,
1997-10-31,2040.0,20.99,26.96,72.84,10.03,21.483333333333334,31.833333333333332,63.453333333333326,55.803333333333335,9.543333333333333,30.833333333333336,12.05,33.60333333333334,21.45,63.1,8.846666666666666,22.726666666666667,44.876666666666665,,,12.616666666666667,18.0,24.673333333333336,12.206666666666667,34.29666666666667,35.14666666666667,30.64,11.443333333333333,
1997-11-30,1895.0,21.72,27.68,77.0,10.43,22.74,33.15,64.85,57.08,10.18,32.63,12.64,34.77,22.91,65.28,9.52,24.1,45.43,,,13.07,18.64,26.05,12.07,36.07,36.33,31.6,11.6,
1997-12-31,1680.0,22.307499999999997,28.46,77.8325,10.5975,21.924999999999997,34.0575,65.57249999999999,58.095,10.0225,33.17,13.18,35.255,21.755000000000003,66.24000000000001,9.475,24.675,45.89666666666667,,,13.252500000000001,18.825,27.035,12.7075,36.6275,37.067499999999995,32.215,11.719999999999999,
1998-01-31,1580.0,22.895,28.86,78.66499999999999,10.765,21.11,34.965,66.29499999999999,59.11,9.865,33.71,14.62,35.74,24.805,67.2,9.43,25.25,46.36333333333333,,,13.435,19.009999999999998,28.02,13.344999999999999,37.185,37.805,32.83,11.84,
1998-02-28,1430.0,23.4825,29.045,79.4975,10.9325,20.295,35.8725,67.0175,60.125,9.7075,34.25,14.925,36.225,24.96,67.70750000000001,9.385,25.825,46.83,,,13.6175,19.195,29.005,13.9825,37.7425,38.542500000000004,33.445,11.96,
1998-03-31,1760.0,24.07,29.18,80.33,11.1,19.48,36.78,67.74,61.14,9.55,34.79,14.72,36.71,23.515,68.215,9.34,26.4,47.335,,,13.8,19.38,29.99,14.62,38.3,39.28,34.06,12.08,
1998-04-30,2845.0,21.625,28.585,72.945,9.733333333333333,20.03,32.54,65.46666666666667,58.71,8.100000000000001,32.25,14.82,34.81333333333333,20.015,67.69,7.8533333333333335,23.325,46.31,,,12.855,18.616666666666667,29.39333333333333,11.985,35.75,35.295,30.655,11.123333333333333,
1998-05-31,7100.0,19.18,25.18,65.56,8.366666666666667,20.580000000000002,28.3,63.193333333333335,56.28,6.65,29.71,14.629999999999999,32.916666666666664,20.336666666666666,68.27,6.366666666666667,20.25,42.74,,,11.91,17.85333333333333,28.796666666666667,9.35,33.199999999999996,31.31,27.25,10.166666666666668,
1998-06-30,6875.0,19.506666666666668,24.08,64.79,7.0,21.13,29.166666666666668,60.92,53.85,6.866666666666667,27.17,12.72,31.02,20.658333333333335,61.37,4.88,20.363333333333333,42.24,,,12.0,17.09,28.2,10.483333333333333,30.65,32.35,28.156666666666666,9.21,
1998-07-31,4750.0,19.833333333333332,23.395000000000003,64.02,8.295,21.68,30.03333333333333,60.35,53.370000000000005,7.083333333333333,27.005000000000003,11.99,31.375,20.98,59.82,6.390000000000001,20.476666666666667,40.82,,,12.09,17.57,25.38,11.616666666666667,30.485,33.39,29.063333333333333,10.495000000000001,
1998-08-31,1610.0,20.16,25.08,63.25,9.59,22.23,30.9,59.78,52.89,7.3,26.84,11.87,31.73,21.28,60.66,7.9,20.59,43.89,,,12.18,18.05,22.56,12.75,30.32,34.43,29.97,11.78,
1998-09-30,1415.0,20.55666666666667,26.009999999999998,65.99,10.003333333333334,22.536666666666665,31.883333333333333,61.57,54.37,7.876666666666666,28.580000000000002,11.74,32.79666666666667,22.12,62.68,8.286666666666667,21.786666666666665,45.3,,,12.52,18.133333333333333,23.366666666666667,13.0,32.06333333333333,35.38,30.82,11.886666666666667,
1998-10-31,1600.0,20.953333333333333,27.42,68.73,10.416666666666666,22.843333333333334,32.86666666666667,63.36000000000001,55.85,8.453333333333333,30.32,12.21,33.86333333333333,22.96,64.7,8.673333333333334,22.983333333333334,45.89,,,12.86,18.21666666666667,24.173333333333332,13.25,33.806666666666665,36.33,31.67,11.993333333333332,
1998-11-30,1670.0,21.35,28.17,71.47,10.83,23.15,33.85,65.15,57.33,9.03,32.06,12.787500000000001,34.93,24.17,65.61,9.06,24.18,46.6,,,13.2,18.3,24.98,13.5,35.55,37.28,32.52,12.1,
1998-12-31,1530.0,22.23,28.49,73.38,10.906666666666666,23.2025,34.45,65.93333333333334,58.0025,9.065,32.69,13.365,35.375,25.115000000000002,66.41,9.053333333333333,24.89,47.36,,,13.406666666666666,18.673333333333336,26.47,13.563333333333333,36.177499999999995,38.31333333333333,33.49333333333333,12.143333333333333,
1999-01-31,1570.0,23.11,28.6,75.28999999999999,10.983333333333334,23.255,35.05,66.71666666666667,58.675,9.1,33.32,13.942499999999999,35.82,24.19875,67.21000000000001,9.046666666666667,25.599999999999998,48.120000000000005,,,13.613333333333333,19.046666666666667,27.96,13.626666666666667,36.805,39.34666666666667,34.46666666666667,12.186666666666667,
1999-02-28,1345.0,23.99,28.99,77.2,11.06,23.307499999999997,35.65,67.5,59.347500000000004,9.135,33.95,14.52,36.265,23.2825,68.01,9.04,26.31,48.72,,,13.82,19.42,29.45,13.69,37.432500000000005,40.38,35.44,12.23,
1999-03-31,1940.0,22.8125,29.015,79.11,9.7975,23.36,36.25,65.4875,60.02,9.17,34.58,14.32,36.71,22.36625,68.27,7.954999999999999,24.18,48.83,,,13.4275,18.92,28.58,12.282499999999999,38.06,37.705,32.87,11.342500000000001,48.16
1999-04-30,2705.0,21.634999999999998,28.564999999999998,73.90666666666667,8.535,21.77,32.6,63.475,57.510000000000005,8.486666666666666,31.503333333333334,14.24,34.373333333333335,21.45,67.495,6.869999999999999,22.049999999999997,47.525,,,13.035,18.42,27.71,10.875,34.97,35.03,30.299999999999997,10.455,44.946666666666665
1999-05-31,5340.0,20.4575,26.235,68.70333333333333,7.2725,20.18,28.95,61.462500000000006,55.0,7.803333333333334,28.426666666666666,14.184999999999999,32.03666666666667,21.58,63.6925,5.785,19.919999999999998,46.22,,,12.6425,17.92,26.84,9.467500000000001,31.88,32.355000000000004,27.73,9.567499999999999,41.733333333333334
1999-06-30,9405.0,19.28,23.525,63.5,6.01,18.59,25.3,59.45,52.49,7.12,25.35,13.237499999999999,29.7,17.74,59.89,4.7,17.79,43.08,,,12.25,17.42,25.97,8.06,28.79,29.68,25.16,8.68,38.52
1999-07-31,3020.0,19.936666666666667,24.869999999999997,64.83333333333333,7.363333333333333,20.036666666666665,27.726666666666667,61.01666666666667,53.89333333333334,7.9799999999999995,27.09,12.29,31.016666666666666,20.285,61.685,5.568,19.346666666666668,42.31,,,12.353333333333333,17.470000000000002,25.086666666666666,9.846666666666668,30.543333333333333,31.856666666666666,27.336666666666666,9.77,40.21333333333334
1999-08-31,1610.0,20.593333333333334,25.78,66.16666666666667,8.716666666666667,21.483333333333334,30.153333333333332,62.583333333333336,55.29666666666667,8.84,28.830000000000002,11.725000000000001,32.33333333333333,21.665,63.48,6.436,20.903333333333332,44.91,,,12.456666666666667,17.52,24.203333333333333,11.633333333333333,32.29666666666667,34.03333333333333,29.513333333333335,10.86,41.906666666666666
1999-09-30,1325.0,21.25,26.25,67.5,10.07,22.93,32.58,64.15,56.7,9.7,30.57,11.754999999999999,33.65,22.39,64.755,7.303999999999999,22.46,46.01,,,12.56,17.57,23.32,13.42,34.05,36.21,31.69,11.95,43.6
1999-10-31,1410.0,21.75,26.896,71.55,10.725000000000001,23.07,33.29,64.85,57.275000000000006,9.375,31.51,12.27,33.989999999999995,22.8,65.465,8.171999999999999,23.59,46.67,,,12.83,17.884999999999998,24.259999999999998,13.48,34.995,36.995000000000005,32.425,11.978,44.81
1999-11-30,1455.0,22.25,27.542,75.6,11.38,23.21,34.0,65.55,57.85,9.05,32.45,12.72,34.33,24.35,66.175,9.04,24.72,47.21,,,13.1,18.2,25.2,13.54,35.94,37.78,33.16,12.006,46.02
1999-12-31,1390.0,22.725,28.188,77.1925,11.3175,23.315,34.8125,66.3725,58.6375,9.155000000000001,33.1875,13.715,35.125,25.0,67.74,9.055,25.294999999999998,47.96,,,13.283333333333333,18.55,26.47,13.543333333333333,36.68,38.97,34.266666666666666,12.033999999999999,48.24
2000-01-31,1260.0,23.2,28.834,78.785,11.255,23.42,35.625,67.195,59.425,9.260000000000002,33.925,14.25,35.92,25.27,68.28,9.07,25.869999999999997,49.61,,,13.466666666666667,18.9,27.740000000000002,13.546666666666667,37.42,40.160000000000004,35.37333333333333,12.062,50.46
2000-02-29,1340.0,23.674999999999997,29.48,80.3775,11.1925,23.525,36.4375,68.0175,60.2125,9.365,34.6625,14.31,36.714999999999996,25.165,68.82,9.084999999999999,26.445,49.4,,,13.65,19.25,29.01,13.55,38.16,41.35,36.48,12.09,52.68
2000-03-31,1510.0,24.15,29.44,81.97,11.13,23.63,37.25,68.84,61.0,9.47,35.4,14.97,37.51,25.06,69.36,9.1,27.02,49.65,,,13.375,19.6,30.28,12.8125,38.9,39.74,34.925,11.635,54.9
2000-04-30,4295.0,23.106666666666666,29.4,76.48,10.09,22.386666666666667,36.7,66.92666666666668,59.38666666666666,8.76,33.27333333333333,14.87,35.699999999999996,22.060000000000002,69.17,7.7299999999999995,24.98,48.38666666666666,,,13.100000000000001,19.133333333333333,29.513333333333335,12.075,36.77333333333333,38.129999999999995,33.37,11.18,50.763333333333335
2000-05-31,5010.0,22.063333333333333,27.3025,70.99,9.05,21.14333333333333,36.785,65.01333333333334,57.77333333333333,8.05,31.146666666666665,13.295,33.89,21.2,66.36500000000001,6.359999999999999,22.939999999999998,47.123333333333335,,,12.825000000000001,18.666666666666668,28.746666666666666,11.3375,34.64666666666667,36.519999999999996,31.815,10.725,46.626666666666665
2000-06-30,3920.0,21.02,25.205,65.5,8.01,19.9,36.87,63.1,56.16,7.34,29.02,13.2,32.08,20.405,63.56,4.99,20.9,45.86,,,12.55,18.2,27.98,10.6,32.52,34.91,30.26,10.27,42.49
2000-07-31,1370.0,21.415,26.432499999999997,66.205,9.2,21.805,36.3,64.995,57.504999999999995,8.129999999999999,30.685000000000002,13.0,33.879999999999995,21.0875,63.744285714285716,6.6850000000000005,21.89,45.85,,,13.24,18.45,26.905,12.27,34.335,36.745,31.865000000000002,11.344999999999999,43.980000000000004
2000-08-31,766.0,21.81,27.66,66.91,10.39,23.71,35.73,66.89,58.85,8.92,32.35,12.86,35.68,21.77,63.92857142857143,8.38,22.88,47.035,,,13.93,18.7,25.83,13.94,36.15,38.58,33.47,12.42,45.47
2000-09-30,903.0,22.363333333333333,27.990000000000002,70.76666666666667,10.646666666666667,23.643333333333334,35.64,66.92666666666666,58.95333333333333,9.103333333333333,32.78,12.629999999999999,35.94,23.125,64.11285714285714,8.713333333333335,23.87,47.43,,,13.883333333333333,18.966666666666665,26.403333333333332,13.9,36.48,38.85333333333333,33.949999999999996,12.43,46.10666666666667
2000-10-31,1340.0,22.916666666666664,28.400000000000002,74.62333333333333,10.903333333333334,23.576666666666668,35.55,66.96333333333334,59.056666666666665,9.286666666666667,33.21,12.74,36.2,23.759999999999998,64.29714285714286,9.046666666666667,24.86,47.42,,,13.836666666666666,19.233333333333334,26.976666666666667,13.86,36.81,39.126666666666665,34.43,12.44,46.74333333333333
2000-11-30,1145.0,23.47,28.810000000000002,78.48,11.16,23.51,35.46,67.0,59.16,9.47,33.64,13.245000000000001,36.46,24.25,64.48142857142858,9.38,25.85,48.455,,,13.79,19.5,27.55,13.82,37.14,39.4,34.91,12.45,47.38
2000-12-31,1000.0,23.877499999999998,29.14,79.81,11.5075,23.535,36.19,67.4,59.587999999999994,9.4025,34.012,13.92,36.8775,24.16,64.66571428571429,9.335,26.2925,48.7125,,,13.872499999999999,19.6075,28.45,13.9075,37.532000000000004,39.97,35.6675,12.495,47.86
2001-01-31,950.0,24.285,29.43,81.14,11.855,23.560000000000002,36.92,67.8,60.016,9.335,34.384,14.251666666666667,37.295,25.52,64.85,9.29,26.735,48.97,,,13.954999999999998,19.715,29.35,13.995000000000001,37.924,40.54,36.425,12.54,48.34
2001-02-28,925.0,24.692500000000003,29.74,82.47,12.2025,23.585,37.650000000000006,68.2,60.443999999999996,9.2675,34.756,14.583333333333332,37.712500000000006,25.67,65.03428571428572,9.245,27.177500000000002,49.93,,,14.0375,19.822499999999998,30.25,14.0825,38.316,41.11,37.1825,12.585,48.82
2001-03-31,1180.0,25.1,28.54,83.8,12.55,23.61,38.38,68.6,60.872,9.2,35.128,14.915,38.13,23.560000000000002,65.21857142857144,9.2,27.62,50.89,,,14.12,19.93,31.15,14.17,38.708,41.68,37.94,12.63,49.3
2001-04-30,1570.0,23.60666666666667,27.34,77.66333333333333,11.14,22.84,35.61666666666667,69.0,61.3,8.563333333333333,35.5,15.165,36.24666666666667,21.45,65.40285714285714,8.036666666666665,25.423333333333336,50.57,,,13.596666666666666,19.07,29.59,12.916666666666666,39.1,38.95666666666666,36.983333333333334,11.75,46.949999999999996
2001-05-31,4640.0,22.113333333333333,26.14,71.52666666666667,9.73,22.07,32.85333333333333,65.685,58.629999999999995,7.926666666666667,32.295,13.98,34.36333333333333,21.91,65.58714285714285,6.873333333333333,23.226666666666667,48.8,,,13.073333333333334,18.21,28.029999999999998,11.663333333333334,35.845,36.233333333333334,36.026666666666664,10.870000000000001,44.6
2001-06-30,4605.0,20.62,25.64,65.39,8.32,21.3,30.09,62.37,55.96,7.29,29.09,12.55,32.48,21.1,65.77142857142857,5.71,21.03,44.235,,,12.55,17.35,26.47,10.41,32.59,33.51,35.07,9.99,42.25
2001-07-31,1810.0,21.105,26.48,68.095,9.39,22.48,32.195,64.005,57.254999999999995,7.970000000000001,30.515,11.81,33.629999999999995,22.92,65.9557142857143,7.0649999999999995,22.265,45.832499999999996,,,12.775,17.725,24.525,12.23,34.025000000000006,35.595,34.11,11.219999999999999,43.745000000000005
2001-08-31,1020.0,21.59,27.32,70.8,10.46,23.66,34.3,65.64,58.55,8.65,31.94,11.65,34.78,23.26,66.14,8.42,23.5,47.43,,,13.0,18.1,22.58,14.05,35.46,37.68,33.15,12.45,45.24
2001-09-30,858.0,21.546666666666667,27.59,72.86666666666666,10.59,23.695714285714285,34.233333333333334,66.02333333333334,58.876666666666665,8.766666666666667,32.49666666666667,11.85,35.2,23.57,66.53666666666666,8.566666666666666,24.02,47.79333333333334,,,13.113333333333333,18.393333333333334,23.276666666666667,13.976666666666667,35.97666666666667,37.98,33.516666666666666,12.457142857142857,45.77
2001-10-31,1180.0,21.503333333333334,28.064999999999998,74.93333333333334,10.72,23.731428571428573,34.166666666666664,66.40666666666667,59.20333333333333,8.883333333333333,33.053333333333335,12.58,35.62,24.49,66.93333333333334,8.713333333333333,24.54,48.156666666666666,,,13.226666666666667,18.686666666666667,23.973333333333333,13.903333333333334,36.49333333333333,38.28,33.88333333333333,12.464285714285714,46.3
2001-11-30,1190.0,21.46,28.545,77.0,10.85,23.767142857142858,34.1,66.79,59.53,9.0,33.61,13.31,36.04,25.259999999999998,67.33,8.86,25.06,48.52,,,13.34,18.98,24.67,13.83,37.01,38.58,34.25,12.471428571428572,46.83
2001-12-31,1010.0,22.2975,29.35,78.8675,11.02,23.802857142857142,35.1725,67.5925,60.22,9.1625,34.4125,13.975000000000001,36.635,25.715,68.13,9.0575,25.912499999999998,49.2775,,,13.5,19.2025,25.9475,13.8725,37.83,39.802499999999995,33.19857142857143,12.478571428571428,47.795
2002-01-31,1030.0,23.134999999999998,29.605,80.735,11.19,23.838571428571427,36.245000000000005,68.39500000000001,60.91,9.325,35.215,14.373333333333335,37.230000000000004,25.97,67.36857142857143,9.254999999999999,26.765,50.035,,,13.66,19.425,27.225,13.915,38.65,41.025,32.14714285714286,12.485714285714286,48.76
2002-02-28,983.5,23.9725,29.927500000000002,82.60249999999999,11.36,23.874285714285715,37.3175,69.1975,61.6,9.4875,36.0175,14.771666666666667,37.825,26.075000000000003,66.60714285714285,9.4525,27.6175,50.7925,,,13.82,19.6475,28.5025,13.9575,39.47,42.2475,31.095714285714287,12.492857142857142,49.724999999999994
2002-03-31,1120.0,24.81,30.25,84.47,11.53,23.91,38.39,70.0,62.29,9.65,36.82,15.17,38.42,26.04,65.84571428571428,9.65,28.47,51.55,,,13.98,19.87,29.78,14.0,40.29,43.47,30.044285714285714,12.5,50.69
2002-04-30,3035.0,22.686666666666667,30.16,78.93666666666667,9.833333333333332,22.083333333333332,34.68666666666667,67.43,59.803333333333335,8.603333333333333,33.61333333333333,15.01,36.00666666666667,25.74,65.08428571428571,7.706666666666667,25.426666666666666,48.94,,,13.42,18.653333333333332,28.483333333333334,12.096666666666666,37.093333333333334,39.21,28.992857142857144,10.976666666666667,47.07333333333333
2002-05-31,3930.0,20.563333333333333,29.18,73.40333333333334,8.136666666666667,20.256666666666668,30.983333333333334,64.86,57.31666666666666,7.556666666666667,30.406666666666666,14.17,33.593333333333334,22.775,64.32285714285715,5.763333333333334,22.383333333333333,46.33,,,12.860000000000001,17.436666666666667,27.186666666666667,10.193333333333333,33.89666666666667,34.95,27.941428571428574,9.453333333333333,43.45666666666667
2002-06-30,8285.0,18.44,28.63125,67.87,6.44,18.43,27.28,62.29,54.83,6.51,27.2,12.865,31.18,20.295,63.561428571428564,3.82,19.34,43.72,,,12.3,16.22,25.89,8.29,30.7,30.69,26.89,7.93,39.84
2002-07-31,2580.0,19.335,28.0825,69.485,7.5375000000000005,19.5825,28.9325,63.26,55.629999999999995,7.15,28.53,12.506666666666666,32.167500000000004,21.07,62.8,5.13,20.5975,44.635,,,12.5625,16.73,24.95,9.6175,32.0375,32.417500000000004,28.4675,9.05,41.36750000000001
2002-08-31,1350.0,20.23,27.533749999999998,71.1,8.635,20.735,30.585,64.23,56.43,7.79,29.86,12.148333333333333,33.155,22.509999999999998,63.76,6.4399999999999995,21.855,45.55,,,12.825,17.240000000000002,24.009999999999998,10.945,33.375,34.145,30.045,10.17,42.895
2002-09-30,1120.0,21.125,26.985,72.715,9.7325,21.8875,32.2375,65.2,57.230000000000004,8.43,31.19,11.79,34.1425,23.455,65.65,7.75,23.1125,46.465,,,13.0875,17.75,23.07,12.272499999999999,34.7125,35.8725,31.622500000000002,11.29,44.4225
2002-10-31,1160.0,22.02,27.65,74.33,10.83,23.04,33.89,66.17,58.03,9.07,32.52,12.33,35.13,24.4,66.47,9.06,24.37,47.38,,,13.35,18.26,22.13,13.6,36.05,37.6,33.2,12.41,45.95
2002-11-30,1185.0,22.578333333333333,28.549999999999997,75.73,10.663333333333334,22.759999999999998,34.61666666666667,66.62333333333333,58.52666666666667,9.058333333333334,33.015,13.395,35.531666666666666,25.345,67.765,9.030000000000001,24.93166666666667,47.85333333333334,,,13.391666666666666,18.378333333333334,23.275,13.385,36.535,38.3,33.845,12.03,46.45166666666667
2002-12-31,1060.0,23.136666666666667,29.45,77.13,10.496666666666666,22.48,35.343333333333334,67.07666666666667,59.02333333333333,9.046666666666667,33.510000000000005,13.99,35.93333333333334,26.29,68.82499999999999,9.0,25.493333333333332,48.32666666666667,,,13.433333333333334,18.496666666666666,24.419999999999998,13.17,37.019999999999996,39.0,34.49,11.622,46.95333333333333
2003-01-31,1020.0,23.695,29.674999999999997,78.53,10.33,22.2,36.07,67.53,59.519999999999996,9.035,34.005,14.71,36.335,26.21,69.50999999999999,8.97,26.055,48.8,,,13.475,18.615000000000002,25.564999999999998,12.955,37.504999999999995,39.7,35.135000000000005,11.214,47.455
2003-02-28,1165.0,24.253333333333334,29.9,79.93,10.163333333333334,21.919999999999998,36.79666666666667,67.98333333333333,60.016666666666666,9.023333333333333,34.5,14.65,36.736666666666665,26.130000000000003,70.6,8.94,26.616666666666667,49.27333333333333,,,13.516666666666666,18.733333333333334,26.71,12.74,37.99,40.4,35.78,10.806000000000001,47.95666666666667
2003-03-31,2200.0,24.811666666666667,29.99,81.33,9.996666666666666,21.64,37.52333333333333,68.43666666666667,60.513333333333335,9.011666666666667,34.995000000000005,14.96,37.138333333333335,25.23,70.53,8.91,27.17833333333333,49.74666666666667,,,13.558333333333334,18.851666666666667,27.855,12.525,38.475,41.099999999999994,36.425,10.398,48.458333333333336
2003-04-30,4890.0,25.37,29.3,82.73,9.83,21.36,38.25,68.89,61.01,9.0,35.49,15.0,37.54,24.785,69.95,8.879999999999999,27.74,50.22,,,13.6,18.97,29.0,12.31,38.96,41.8,37.07,9.99,48.96
2003-05-31,5990.0,23.846666666666668,25.57,77.56333333333333,9.603333333333333,21.483333333333334,35.64,66.71000000000001,59.07666666666667,8.833333333333334,33.13,13.899999999999999,35.72,23.97,64.32,8.85,27.168333333333333,47.97,,,13.083333333333334,18.636666666666667,27.256666666666668,12.086666666666668,36.64333333333333,39.126666666666665,33.215,10.396666666666667,46.626666666666665
2003-06-30,5815.0,22.323333333333334,24.02,72.39666666666668,9.376666666666667,21.606666666666666,33.03,64.53,57.14333333333333,8.666666666666666,30.77,12.76,33.9,23.93,64.285,8.82,26.596666666666664,45.72,,,12.566666666666666,18.30333333333333,25.513333333333332,11.863333333333333,34.32666666666667,36.45333333333333,29.36,10.803333333333335,44.29333333333334
2003-07-31,1760.0,20.8,25.395,67.23,9.15,21.73,30.42,62.35,55.21,8.5,28.41,12.925,32.08,23.89,64.25,8.79,26.025,43.47,46.07,,12.05,17.97,23.77,11.64,32.01,33.78,30.633333333333333,11.21,41.96
2003-08-31,1050.0,21.106666666666666,26.475,70.245,9.586666666666668,22.58,31.796666666666667,63.57333333333333,56.31333333333333,8.9,30.78,12.93,33.644999999999996,23.85,65.82,8.76,25.453333333333333,45.370000000000005,45.98852941176471,,12.565000000000001,18.049999999999997,22.335,12.316666666666666,33.443333333333335,35.745000000000005,31.906666666666666,11.536666666666667,44.045
2003-09-30,1015.0,21.413333333333334,27.15,73.26,10.023333333333333,23.43,33.17333333333333,64.79666666666667,57.41666666666667,9.3,33.15,12.92,35.21,24.86,66.36500000000001,8.729999999999999,24.881666666666664,47.27,45.90705882352941,,13.08,18.13,20.9,12.993333333333334,34.876666666666665,37.71,33.18,11.863333333333333,46.13
2003-10-31,1110.0,21.72,28.15,74.77000000000001,10.46,23.361666666666665,34.55,66.02,58.52,9.253333333333334,33.63333333333333,12.93,35.638333333333335,25.73,66.87,8.7,24.31,47.78,45.82558823529412,,13.195,18.275,22.42833333333333,13.67,36.31,38.35666666666667,33.79833333333333,12.19,46.695
2003-11-30,1235.0,22.438,29.07,76.28,10.536000000000001,23.293333333333333,35.158,66.624,59.066,9.206666666666667,34.11666666666667,13.42,36.06666666666667,26.15,67.625,8.664,24.932,48.29,45.74411764705882,,13.31,18.419999999999998,23.956666666666667,13.482,36.95,39.00333333333334,34.416666666666664,12.049999999999999,47.260000000000005
2003-12-31,1180.0,23.156,29.455,77.78999999999999,10.612,23.225,35.766,67.228,59.612,9.16,34.599999999999994,14.09,36.495000000000005,26.415,68.45,8.628,25.554,48.8,45.66264705882353,,13.425,18.564999999999998,25.485,13.294,37.59,39.650000000000006,35.035,11.91,47.825
2004-01-31,1070.0,23.874,29.89,79.3,10.688,23.156666666666666,36.374,67.83200000000001,60.158,9.113333333333333,35.08333333333333,14.65,36.92333333333333,27.4,69.17,8.591999999999999,26.176000000000002,49.31,45.58117647058823,,13.54,18.71,27.013333333333332,13.106,38.23,40.29666666666667,35.653333333333336,11.77,48.39
2004-02-29,1090.0,24.592,30.03,80.81,10.764,23.08833333333333,36.982,68.436,60.704,9.066666666666666,35.56666666666666,15.155000000000001,37.35166666666667,24.98,69.66,8.556,26.798000000000002,49.82,45.49970588235294,,13.655,18.855,28.541666666666664,12.918000000000001,38.87,40.943333333333335,36.27166666666667,11.63,48.955000000000005
2004-03-31,2020.0,25.31,29.81,82.32,10.84,23.02,37.59,69.04,61.25,9.02,36.05,15.19,37.78,24.36,69.86,8.52,27.42,50.33,45.41823529411764,,13.77,19.0,30.07,12.73,39.51,41.59,36.89,11.49,49.52
2004-04-30,3545.0,24.512,29.83,78.5925,10.92,23.098,35.38,67.82000000000001,60.532,8.7875,34.4675,15.21,36.795,24.15,68.205,8.446,26.165,49.015,45.33676470588235,,13.57,18.7375,28.6025,12.855,38.095,39.837500000000006,35.2425,11.6175,48.768
2004-05-31,4780.0,23.714,25.88,74.865,11.0,23.176,33.17,66.6,59.814,8.555,32.885,14.28,35.81,22.6,66.61500000000001,8.372,24.91,47.7,45.25529411764706,,13.370000000000001,18.475,27.134999999999998,12.98,36.68,38.085,33.595,11.745000000000001,48.016
2004-06-30,4410.0,22.916,25.0,71.13749999999999,11.08,23.254,30.96,65.38,59.096,8.3225,31.3025,13.31,34.825,22.36,62.32,8.298,23.655,46.385,45.17382352941176,,13.17,18.2125,25.6675,13.105,35.265,36.332499999999996,31.9475,11.8725,47.264
2004-07-31,1790.0,22.118,25.98,67.41,11.16,23.332,28.75,64.16,58.378,8.09,29.72,13.105,33.84,23.045,62.72,8.224,22.4,45.07,45.09235294117647,,12.97,17.95,24.2,13.23,33.85,34.58,30.3,12.0,46.512
2004-08-31,1130.0,21.32,26.85,70.28,11.24,23.41,30.042,64.63199999999999,57.66,8.41,30.7275,12.76,34.298,23.74,62.57727272727273,8.15,23.084,45.730000000000004,45.010882352941174,19.91,13.09,18.24,24.5975,13.33,34.75,35.5975,31.215,12.034,45.76
2004-09-30,1395.0,21.77,26.975,73.15,11.215,23.372500000000002,31.334,65.104,57.905,8.73,31.735,12.21,34.756,23.0,62.43454545454545,8.4525,23.768,46.39,44.92941176470588,20.565,13.21,18.53,24.994999999999997,13.43,35.650000000000006,36.614999999999995,32.13,12.068,46.2025
2004-10-31,1420.0,22.220000000000002,27.625,76.02,11.190000000000001,23.335,32.626,65.576,58.15,9.049999999999999,32.7425,12.504999999999999,35.214000000000006,24.64,62.29181818181818,8.754999999999999,24.451999999999998,47.05,44.847941176470584,21.22,13.33,18.82,25.3925,13.530000000000001,36.550000000000004,37.6325,33.045,12.102,46.644999999999996
2004-11-30,1330.0,22.67,28.1,78.89,11.165000000000001,23.2975,33.918,66.048,58.394999999999996,9.37,33.75,13.107,35.672000000000004,25.5,62.14909090909091,9.0575,25.136,47.71,44.76647058823529,21.875,13.45,19.11,25.79,13.63,37.45,38.65,33.96,12.136,47.0875
2004-12-31,1230.0,22.671666666666667,28.84,78.56,11.14,23.26,35.21,66.52,58.64,9.073333333333332,33.18333333333334,13.709,36.13,26.19,62.00636363636364,9.36,25.82,47.27166666666667,44.685,22.53,13.361666666666666,19.0,26.58,13.190000000000001,36.83666666666667,37.915,33.266666666666666,12.17,47.53
2005-01-31,1000.0,22.673333333333336,29.475,78.23,10.596,22.862000000000002,33.94,66.036,58.382,8.776666666666666,32.61666666666667,14.311,35.638000000000005,26.095,61.86363636363636,8.724,24.984,46.833333333333336,44.603529411764704,21.371666666666666,13.273333333333333,18.89,27.37,12.75,36.223333333333336,37.18,32.57333333333334,11.576,46.684
2005-02-28,1195.0,22.675,29.32,77.9,10.052,22.464000000000002,32.67,65.55199999999999,58.124,8.48,32.05,14.913,35.146,26.0,61.72090909090909,8.088,24.148,46.394999999999996,44.52205882352941,20.213333333333335,13.184999999999999,18.78,28.16,12.31,35.61,36.445,31.880000000000003,10.982,45.838
2005-03-31,1320.0,22.676666666666666,29.630000000000003,77.57,9.508,22.066,31.4,65.068,57.866,8.183333333333334,31.483333333333334,15.515,34.654,26.105,61.57818181818182,7.452,23.312,45.95666666666666,44.440588235294115,19.055,13.096666666666666,18.669999999999998,28.95,11.870000000000001,34.99666666666667,35.71,31.186666666666667,10.388,44.992
2005-04-30,2220.0,22.678333333333335,29.34,77.24,8.964,21.668,30.13,64.58399999999999,57.608000000000004,7.886666666666667,30.916666666666668,15.6,34.162,25.265,61.43545454545455,6.816,22.476,45.51833333333333,44.359117647058824,17.89666666666667,13.008333333333333,18.56,29.740000000000002,11.43,34.38333333333334,34.975,30.493333333333332,9.794,44.146
2005-05-31,6600.0,22.68,25.305,76.91,8.42,21.27,28.86,64.1,57.35,7.59,30.35,15.125,33.67,22.61,61.29272727272727,6.18,21.64,45.08,44.277647058823526,16.738333333333333,12.92,18.45,30.53,10.99,33.77,34.24,29.8,9.2,43.3
2005-06-30,6275.0,21.919999999999998,24.75,74.17999999999999,9.113333333333333,22.02,30.536666666666665,64.57666666666667,57.68,7.876666666666666,30.563333333333333,14.28875,33.95666666666667,21.35,61.15,6.963333333333333,22.213333333333335,45.373333333333335,44.196176470588235,15.58,12.913381642512077,18.37,27.91,11.433333333333334,34.013333333333335,35.04666666666667,30.490000000000002,9.15,44.031666666666666
2005-07-31,2070.0,21.16,25.6025,71.45,9.806666666666667,22.77,32.21333333333333,65.05333333333333,58.010000000000005,8.163333333333332,30.776666666666667,13.4525,34.24333333333333,23.205,62.565,7.746666666666666,22.786666666666665,45.666666666666664,44.114705882352936,17.955,12.906763285024155,18.29,25.290000000000003,11.876666666666667,34.25666666666667,35.85333333333333,31.18,10.625,44.76333333333333
2005-08-31,1020.0,20.4,26.455,68.72,10.5,23.52,33.89,65.53,58.34,8.45,30.99,12.616249999999999,34.53,24.38,66.015,8.53,23.36,45.96,44.033235294117645,20.33,12.900144927536232,18.21,22.67,12.32,34.5,36.66,31.87,12.1,45.495
2005-09-30,1075.0,20.9,27.3075,70.87333333333333,10.723333333333333,23.473333333333333,34.63666666666667,66.01666666666667,58.663333333333334,8.709999999999999,31.906666666666666,11.78,35.17333333333333,24.57,66.38,8.644285714285713,24.453333333333333,47.236666666666665,43.951764705882354,21.07,12.893526570048309,18.51,23.513333333333335,12.763333333333334,35.406666666666666,37.663333333333334,32.99666666666667,12.113333333333333,46.22666666666667
2005-10-31,1310.0,21.4,28.16,73.02666666666667,10.946666666666667,23.426666666666666,35.38333333333333,66.50333333333333,58.98666666666667,8.97,32.82333333333334,11.93,35.81666666666667,25.16,66.23,8.758571428571429,25.546666666666667,48.513333333333335,43.870294117647056,21.81,12.886908212560387,18.81,24.356666666666666,13.206666666666667,36.31333333333333,38.666666666666664,34.123333333333335,12.126666666666667,46.95833333333333
2005-11-30,1360.0,21.9,28.62,75.18,11.17,23.38,36.13,66.99,59.31,9.23,33.74,13.03,36.46,25.45,67.48,8.872857142857143,26.64,49.79,43.788823529411765,22.55,12.880289855072464,19.11,25.2,13.65,37.22,39.67,35.25,12.14,47.69
2005-12-31,1100.0,22.595,28.338,76.28,11.2425,23.485,36.222500000000004,67.405,59.755,9.280000000000001,34.2475,13.23,38.04,25.0,68.77,8.987142857142857,26.9025,49.2525,43.70735294117647,22.975,12.87367149758454,19.182499999999997,26.322499999999998,13.6725,37.739999999999995,39.807500000000005,35.2475,12.1725,48.105
2006-01-31,1300.0,23.29,28.056,77.38,11.315000000000001,23.59,36.315,67.82,60.2,9.33,34.755,13.743333333333334,39.620000000000005,24.895,68.73,9.10142857142857,27.165,48.715,43.625882352941176,23.4,12.867053140096619,19.255,27.445,13.695,38.26,39.945,35.245000000000005,12.205,48.519999999999996
2006-02-28,1125.0,23.985,27.774,78.48,11.387500000000001,23.695,36.4075,68.235,60.645,9.379999999999999,35.2625,14.256666666666666,41.2,25.04,68.99,9.215714285714286,27.427500000000002,48.1775,43.54441176470588,23.825,12.860434782608696,19.3275,28.567500000000003,13.717500000000001,38.78,40.082499999999996,35.2425,12.2375,48.935
2006-03-31,1260.0,24.68,27.492,79.58,11.46,23.8,36.5,68.65,61.09,9.43,35.77,14.77,42.78,25.45,69.22,9.33,27.69,47.64,43.462941176470586,24.25,12.853816425120772,19.4,29.69,13.74,39.3,40.22,35.24,12.27,49.35
2006-04-30,5620.0,21.335,27.21,72.97999999999999,8.86,20.880000000000003,30.615000000000002,64.63,57.765,7.975,31.025000000000002,13.24,36.96,23.35,67.17,6.66,22.775,44.305,43.38147058823529,19.035,12.847198067632851,18.655,28.365000000000002,10.955,34.489999999999995,34.004999999999995,29.590000000000003,10.21,44.095
2006-05-31,7380.0,17.99,24.119999999999997,66.38,6.26,17.96,24.73,60.61,54.44,6.52,26.28,11.71,31.14,21.93,63.54,3.99,17.86,42.37,43.3,13.82,12.840579710144928,17.91,27.04,8.17,29.68,27.79,23.94,8.15,38.84
2006-06-30,5820.0,19.125,23.92,67.08500000000001,7.795,20.3,27.79,61.379999999999995,54.64,7.285,27.585,11.56,31.575,19.55,60.19,5.755,19.39,41.27,46.47,15.685,12.833961352657004,17.735,27.04,10.46,31.035,31.865,27.630000000000003,9.815000000000001,40.83
2006-07-31,1780.0,20.26,25.495,67.79,9.33,22.64,30.85,62.15,54.84,8.05,28.89,11.59,32.01,22.22,63.05,7.52,20.92,46.05,50.394999999999996,17.55,12.827342995169083,17.56,27.04,12.75,32.39,35.94,31.32,11.48,42.82
2006-08-31,932.0,20.5925,27.07,69.8775,9.9075,22.7,32.38,63.5375,56.09,8.22,30.165,11.68,33.1325,22.807499999999997,66.37,7.7524999999999995,22.240000000000002,48.86,52.18,18.872500000000002,12.82072463768116,17.86,26.487499999999997,12.75,33.667500000000004,37.415,32.93,11.537500000000001,44.085
2006-09-30,930.5,20.925,27.810000000000002,71.965,10.485,22.759999999999998,33.91,64.925,57.34,8.39,31.44,11.425,34.254999999999995,23.395,67.25,7.984999999999999,23.560000000000002,50.27,52.95,20.195,12.814106280193236,18.16,25.935,12.75,34.945,38.89,34.54,11.595,45.35
2006-10-31,1220.0,21.2575,28.315,74.05250000000001,11.0625,22.82,35.44,66.3125,58.59,8.56,32.715,11.92,35.3775,23.9825,67.56,8.2175,24.88,51.09,53.91,21.5175,12.807487922705313,18.46,25.3825,12.75,36.2225,40.365,36.15,11.6525,46.615
2006-11-30,1835.0,21.59,28.82,76.14,11.64,22.88,36.97,67.7,59.84,8.73,33.99,12.625,36.5,24.57,68.24,8.45,26.2,51.93,53.82,22.84,12.800869565217392,18.76,24.83,12.75,37.5,41.84,37.76,11.71,47.88
2006-12-31,1460.0,22.118,29.2975,76.676,11.462,22.91,37.366,68.03,60.148,8.76,34.262,13.38,36.79,25.205,68.95,8.418,26.477999999999998,52.61,51.305,23.064,12.794251207729468,18.822000000000003,25.708,12.658,37.762,42.216,38.102,11.64,48.132000000000005
2007-01-31,1200.0,22.646,29.775,77.212,11.284,22.94,37.762,68.36,60.456,8.790000000000001,34.534,14.06,37.08,25.84,69.69,8.386,26.756,52.705,51.22,23.288,12.787632850241545,18.884,26.586,12.565999999999999,38.024,42.592,38.443999999999996,11.57,48.384
2007-02-28,1350.0,23.174,30.3,77.74799999999999,11.106,22.97,38.158,68.69,60.764,8.82,34.806000000000004,14.55,37.370000000000005,25.54,70.3,8.354,27.034,52.865,53.68,23.512,12.781014492753624,18.946,27.464,12.474,38.286,42.968,38.786,11.5,48.636
2007-03-31,2940.0,23.702,30.095,78.28399999999999,10.928,23.0,38.554,69.02,61.072,8.850000000000001,35.078,14.93,37.660000000000004,24.785,70.52,8.322,27.312,53.49,55.26,23.736,12.7743961352657,19.008,28.342,12.382,38.548,43.344,39.128,11.43,48.888
2007-04-30,3060.0,24.23,29.5,78.82,10.75,23.03,38.95,69.35,61.38,8.88,35.35,14.9,37.95,24.655,69.43,8.29,27.59,52.69,53.355000000000004,23.96,12.767777777777777,19.07,29.22,12.29,38.81,43.72,39.47,11.36,49.14
2007-05-31,7240.0,22.59,26.255000000000003,70.875,9.315,21.520000000000003,34.075,65.65,57.94,8.09,31.675,13.81,34.94,23.302500000000002,65.065,6.895,23.865000000000002,48.34,49.114999999999995,20.23,12.761159420289856,18.545,27.035,10.92,35.13,38.375,34.245,10.405,45.345
2007-06-30,5715.0,20.95,25.63,62.93,7.88,20.01,29.2,61.95,54.5,7.3,28.0,12.24,31.93,21.95,62.43,5.5,20.14,45.35,49.09,16.5,12.754541062801932,18.02,24.85,9.55,31.45,33.03,29.02,9.45,41.55
2007-07-31,1610.0,21.09,26.59,63.97,9.96,22.41,32.49,63.27,55.71,7.82,29.32,12.05,33.03,21.95,65.25,7.67,23.1,48.6,52.040000000000006,19.68,12.747922705314009,17.73,22.81,12.39,32.79,36.22,31.86,11.58,44.41
2007-08-31,962.0,21.013333333333332,27.335,68.11,10.260000000000002,23.509999999999998,35.269999999999996,65.94,58.254999999999995,8.045,31.216666666666665,11.95,35.019999999999996,23.605,68.29,7.92,24.795,51.11,53.51,21.355,12.741304347826087,17.86,22.849999999999998,12.783333333333333,34.68,39.55,35.355000000000004,11.83,45.806666666666665
2007-09-30,901.0,20.936666666666667,28.08,72.25,10.56,24.61,38.05,68.61,60.8,8.27,33.11333333333333,12.504999999999999,37.01,25.26,69.2,8.17,26.49,52.98,54.56,23.03,12.734685990338164,17.990000000000002,22.89,13.176666666666668,36.57,42.88,38.85,12.08,47.20333333333333
2007-10-31,1340.0,20.86,28.825,73.62833333333333,10.742857142857144,24.543333333333333,38.75714285714285,69.10142857142857,61.34285714285714,8.495,35.01,13.06,37.45428571428571,25.34,69.225,8.367142857142857,27.09285714285714,53.45,55.06,23.65857142857143,12.728067632850241,18.12,22.93,13.57,38.46,43.650000000000006,39.59571428571429,12.132857142857143,48.6
2007-11-30,1255.0,21.623333333333335,29.57,75.00666666666666,10.925714285714285,24.476666666666667,39.464285714285715,69.59285714285714,61.88571428571428,8.719999999999999,35.788,13.42,37.89857142857143,25.509999999999998,70.095,8.564285714285715,27.695714285714285,54.254999999999995,56.13,24.287142857142857,12.72144927536232,18.506,24.49,13.613333333333333,39.248,44.42,40.34142857142857,12.185714285714285,49.410000000000004
2007-12-31,1180.0,22.386666666666667,30.314999999999998,76.38499999999999,11.108571428571429,24.41,40.17142857142857,70.08428571428571,62.42857142857142,8.945,36.565999999999995,14.075,38.34285714285714,25.68,70.88,8.761428571428572,28.298571428571428,55.11,56.5,24.915714285714287,12.714830917874396,18.892,26.05,13.656666666666666,40.036,45.190000000000005,41.08714285714286,12.238571428571428,50.22
2008-01-31,1070.0,23.15,31.06,77.76333333333334,11.291428571428572,24.343333333333334,40.878571428571426,70.57571428571428,62.97142857142857,9.17,37.344,14.73,38.787142857142854,25.85,71.59,8.958571428571428,28.90142857142857,55.84,57.41,25.544285714285714,12.708212560386473,19.278000000000002,27.61,13.7,40.824,45.96,41.832857142857144,12.291428571428572,51.03
2008-02-29,1100.0,23.913333333333334,31.37,79.14166666666667,11.474285714285715,24.276666666666667,41.58571428571428,71.06714285714285,63.51428571428571,9.395,38.122,15.08,39.231428571428566,26.02,72.05,9.155714285714286,29.504285714285714,55.31,57.74,26.172857142857143,12.701594202898551,19.664,29.17,13.743333333333334,41.612,46.730000000000004,42.57857142857143,12.344285714285714,51.839999999999996
2008-03-31,1200.0,24.67666666666667,31.41,80.52,11.657142857142857,24.21,42.292857142857144,71.55857142857143,64.05714285714285,9.62,38.9,15.29,39.675714285714285,26.535,72.35,9.352857142857143,30.107142857142858,55.74,57.66,26.80142857142857,12.694975845410628,20.05,30.73,13.786666666666667,42.4,47.5,43.324285714285715,12.397142857142857,52.65
2008-04-30,2195.0,25.44,31.15,76.37333333333333,11.84,22.371666666666666,43.0,72.05,64.6,8.695,34.068333333333335,15.69,40.12,26.335,72.52,9.55,30.71,55.85,57.0,27.43,12.688357487922705,19.103333333333335,29.346666666666668,13.83,37.555,48.27,44.07,12.45,47.64666666666667
2008-05-31,6920.0,22.240000000000002,28.1,72.22666666666666,9.535,20.533333333333335,35.47,66.36,59.412499999999994,7.77,29.236666666666665,15.52,35.575,23.48,70.99,7.075,24.130000000000003,54.66,53.65,20.32,12.681739130434783,18.156666666666666,27.96333333333333,11.1175,32.71,40.087500000000006,36.370000000000005,10.54,42.64333333333333
2008-06-30,10650.0,19.04,27.78666666666667,68.08,7.23,18.695,27.939999999999998,60.67,54.225,6.845,24.405,12.9,31.03,20.35,61.54,4.6,17.55,45.99,48.980000000000004,13.21,12.67512077294686,17.21,26.58,8.405,27.865,31.905,28.67,8.63,37.64
2008-07-31,3250.0,19.366666666666667,27.473333333333333,69.35333333333334,7.88,20.133333333333333,30.34333333333333,62.080000000000005,55.63666666666667,7.513333333333333,26.85,12.02,31.17,22.305,62.275000000000006,4.22,18.23,46.02,51.34,14.6,12.668502415458937,17.453333333333333,25.426666666666666,9.98,30.319999999999997,34.54666666666667,31.076666666666668,9.04,38.66
2008-08-31,1500.0,19.69333333333333,27.16,70.62666666666667,9.17,21.57166666666667,32.74666666666666,63.49,57.04833333333333,8.181666666666667,29.294999999999998,11.81,33.115,24.259999999999998,65.14,6.209999999999999,21.085,49.77,52.665,17.55,12.661884057971015,17.69666666666667,24.273333333333333,11.555,32.775,37.18833333333333,33.483333333333334,10.42,42.105
2008-09-30,1710.0,20.02,27.22,71.9,10.46,23.01,35.15,64.9,58.46,8.85,31.74,11.82,35.06,24.075,64.625,8.2,23.94,50.51,52.565,20.5,12.655265700483092,17.94,23.12,13.13,35.23,39.83,35.89,11.8,45.55
2008-10-31,1690.0,21.060000000000002,27.795,74.6,10.355,22.55,36.575,66.325,59.205,8.75,32.795,12.54,35.685,25.94,64.11,8.08,25.005000000000003,51.49,53.285,21.06,12.648647342995169,18.355,24.3,12.74,36.315,41.254999999999995,37.155,11.43,46.715
2008-11-30,2110.0,22.1,28.37,77.3,10.25,22.09,38.0,67.75,59.95,8.65,33.85,13.14,36.31,24.84,63.595,7.96,26.07,52.36,54.045,21.62,12.642028985507247,18.77,25.48,12.35,37.4,42.68,38.42,11.06,47.88
2008-12-31,1700.0,22.61,28.47,77.698,10.424,22.336,38.76,68.044,60.028000000000006,8.756,34.24,13.91,36.550000000000004,25.84,63.08,8.178,26.398,52.67,54.2,22.18,12.635410628019324,18.908,26.348,12.475999999999999,37.778,43.292,38.882,11.222,48.288000000000004
2009-01-31,1800.0,23.12,28.57,78.096,10.597999999999999,22.582,39.519999999999996,68.338,60.106,8.862,34.63,14.49,36.79,25.45,62.565,8.396,26.726,50.35,53.445,22.740000000000002,12.6287922705314,19.046,27.216,12.602,38.156,43.904,39.344,11.384,48.696000000000005
2009-02-28,1520.0,23.63,29.0425,78.494,10.772,22.828,40.28,68.632,60.184000000000005,8.968,35.019999999999996,14.94,37.03,25.75,62.050000000000004,8.614,27.054000000000002,51.519999999999996,55.19,23.3,12.62217391304348,19.184,28.084,12.728,38.534,44.516,39.806,11.546,49.104
2009-03-31,1700.0,24.14,29.515,78.89200000000001,10.946,23.074,41.04,68.926,60.262,9.074,35.41,14.8,37.269999999999996,25.61,61.535000000000004,8.832,27.382,53.2,54.48,23.860000000000003,12.615555555555556,19.322,28.952,12.854000000000001,38.912,45.128,40.268,11.708,49.512
2009-04-30,5625.0,24.65,28.64,79.29,11.12,23.32,41.8,69.22,60.34,9.18,35.8,14.74,37.51,25.47,61.02,9.05,27.71,52.63,52.89,24.42,12.608937198067633,19.46,29.82,12.98,39.29,45.74,40.73,11.87,49.92
2009-05-31,7570.0,21.424999999999997,26.439999999999998,73.54500000000002,8.399999999999999,20.98,33.54,64.555,57.120000000000005,8.075,30.25,13.725000000000001,33.975,22.365000000000002,60.505,6.275,21.89,49.52,50.88,18.01,12.602318840579711,18.705,27.505000000000003,10.165,33.67,37.9975,33.65,9.709999999999999,43.085
2009-06-30,7660.0,18.2,25.68,67.80000000000001,5.68,18.64,25.28,59.89,53.9,6.97,24.7,11.57,30.44,22.45,59.99,3.5,16.07,44.01,49.955,11.6,12.595700483091788,17.95,25.19,7.35,28.05,30.255000000000003,26.57,7.55,36.25
2009-07-31,3270.0,19.59,24.92,69.06750000000001,8.19,19.8325,29.49,61.567499999999995,52.19,7.49,25.64,11.48,30.25,23.13,61.53,5.74,18.57,46.685,51.985,15.02,12.589082125603865,17.92,23.94,10.03,29.15,33.09875,29.145,10.35,38.99
2009-08-31,2050.0,20.143333333333334,26.11,70.33500000000001,9.16,21.025,32.56,63.245,54.07333333333333,8.01,27.11,11.51,32.06666666666667,24.09,63.67,6.91,20.863333333333333,48.54,52.81,17.346666666666668,12.582463768115943,17.863333333333333,23.326666666666668,11.203333333333333,30.6225,35.9425,31.72,11.0,40.51375
2009-09-30,1250.0,20.696666666666665,26.994999999999997,71.6025,10.129999999999999,22.2175,35.63,64.9225,55.95666666666667,8.530000000000001,28.58,12.03,33.88333333333333,25.28,65.23,8.08,23.156666666666666,50.22,53.66,19.673333333333332,12.57584541062802,17.80666666666667,22.713333333333335,12.376666666666667,32.095,38.78625,34.295,11.65,42.0375
2009-10-31,1640.0,21.25,28.16,72.87,11.1,23.41,38.7,66.6,57.84,9.05,30.05,12.3,35.7,25.84,66.74,9.25,25.45,51.485,54.16,22.0,12.569227053140096,17.75,22.1,13.55,33.567499999999995,41.63,36.87,12.3,43.56125
2009-11-30,1525.0,22.05,28.82,74.672,11.232,23.5,39.624,67.33,58.550000000000004,9.146,31.52,12.98,36.246,26.25,67.89,9.32,26.163999999999998,52.44,54.52,22.74,12.562608695652173,18.116,23.364,13.600000000000001,35.04,42.772000000000006,37.946,12.39,45.085
2009-12-31,1000.0,22.85,29.54,76.474,11.363999999999999,23.59,40.548,68.06,59.260000000000005,9.242,32.99,13.83,36.792,26.455,69.27,9.39,26.878,53.2,54.55,23.48,12.555990338164252,18.482,24.628,13.65,36.5125,43.914,39.022,12.48,46.60875
2010-01-31,1200.0,23.65,29.67,78.276,11.496,23.68,41.472,68.78999999999999,59.97,9.338,34.46,14.52,37.338,26.37,69.48,9.459999999999999,27.592,53.24,54.82,24.22,12.549371980676328,18.848,25.892000000000003,13.700000000000001,37.985,45.056000000000004,40.098,12.57,48.1325
2010-02-28,1180.0,24.45,29.87,80.078,11.628,23.77,42.396,69.52,60.68,9.434,35.93,14.89,37.884,26.82,70.01,9.53,28.306,53.955,55.92,24.96,12.542753623188405,19.214,27.156000000000002,13.75,39.457499999999996,46.198,41.174,12.66,49.65625
2010-03-31,1400.0,25.25,30.14,81.88,11.76,23.86,43.32,70.25,61.39,9.53,37.4,15.21,38.43,26.65,70.56,9.6,29.02,54.46,55.57,25.7,12.536135265700484,19.58,28.42,13.8,40.93,47.34,42.25,12.75,51.18
2010-04-30,1730.0,23.483333333333334,30.22,75.68666666666667,10.483333333333333,22.52,38.89666666666667,67.44333333333333,59.086666666666666,8.62,34.2,15.58,36.14333333333333,26.21,70.76,8.2,25.886666666666667,54.370000000000005,54.91,22.416666666666664,12.52951690821256,18.72,26.28,12.3,37.70333333333333,42.70333333333333,37.93333333333334,11.733333333333333,47.82
2010-05-31,3360.0,21.716666666666665,28.2,69.49333333333333,9.206666666666667,21.18,34.473333333333336,64.63666666666667,56.78333333333333,7.71,31.0,14.86,33.85666666666667,25.14,69.22,6.800000000000001,22.753333333333334,52.614999999999995,52.95,19.133333333333333,12.522898550724637,17.86,24.14,10.8,34.47666666666667,38.06666666666667,33.61666666666667,10.716666666666667,44.46
2010-06-30,8390.0,19.95,25.38,63.3,7.93,19.84,30.05,61.83,54.48,6.8,27.8,12.875,31.57,25.12,69.17142857142856,5.4,19.62,46.95,50.235,15.85,12.516280193236716,17.0,22.0,9.3,31.25,33.43,29.3,9.7,41.1
2010-07-31,2820.0,21.12,25.59,65.55,10.49,22.79,34.39,63.69,56.07,7.92,29.8,11.91,33.15,25.11,69.12285714285714,8.08,21.99,47.065,52.215,18.39,12.509661835748792,17.1,19.7,12.69,33.14,37.38,32.74,12.25,43.45
2010-08-31,1720.0,21.263333333333335,26.81,67.36666666666666,10.7,22.903333333333332,35.61,64.62333333333333,56.82666666666667,8.146666666666667,30.88,11.78,33.96,25.11,69.07428571428571,8.423333333333334,22.98333333333333,49.39,53.315,19.17125,12.503043478260869,17.380000000000003,19.576666666666664,12.836666666666666,34.276666666666664,38.97666666666667,34.300000000000004,12.37,44.550000000000004
2010-09-30,1675.0,21.406666666666666,27.38,69.18333333333334,10.91,23.016666666666666,36.83,65.55666666666666,57.583333333333336,8.373333333333333,31.96,11.76,34.769999999999996,25.11,69.02571428571429,8.766666666666666,23.976666666666667,50.730000000000004,53.78,19.9525,12.496425120772948,17.66,19.453333333333333,12.983333333333334,35.413333333333334,40.57333333333334,35.86,12.49,45.65
2010-10-31,1500.0,21.55,28.26,71.0,11.12,23.13,38.05,66.49,58.34,8.6,33.04,12.11,35.58,25.54,68.97714285714285,9.11,24.97,51.629999999999995,54.16,20.73375,12.489806763285024,17.94,19.33,13.13,36.55,42.17,37.42,12.61,46.75
2010-11-30,1470.0,22.150000000000002,29.05,72.0,11.161999999999999,23.238,38.379999999999995,67.3,59.026,8.64,33.632,12.87,36.1,26.2,68.92857142857143,9.116,25.616,52.53,54.435,21.515,12.483188405797101,18.212,20.6525,13.084000000000001,37.138,42.57,37.882,12.584,47.374
2010-12-31,1400.0,22.75,29.34,73.0,11.203999999999999,23.346,38.71,68.11,59.712,8.68,34.224,13.44,36.62,25.91,68.88,9.122,26.262,53.27,54.14,22.29625,12.47657004830918,18.484,21.975,13.038,37.726,42.97,38.344,12.558,47.998
2011-01-31,2000.0,23.35,29.68,74.0,11.246,23.454,39.04,68.92,60.398,8.72,34.816,13.636666666666667,37.14,25.63,69.42,9.128,26.907999999999998,52.07,54.36,23.0775,12.469951690821256,18.756,23.2975,12.992,38.314,43.370000000000005,38.806,12.532,48.622
2011-02-28,1690.0,23.95,29.79,75.0,11.288,23.562,39.370000000000005,69.73,61.084,8.76,35.408,13.833333333333332,37.66,25.86,69.78,9.134,27.554,52.72,54.8,23.85875,12.463333333333333,19.028000000000002,24.62,12.946,38.902,43.77,39.268,12.506,49.245999999999995
2011-03-31,2020.0,24.55,29.92,76.0,11.33,23.67,39.7,70.54,61.77,8.8,36.0,14.03,38.18,25.38,70.14,9.14,28.2,53.12,55.01,24.64,12.456714975845411,19.3,25.05,12.9,39.49,44.17,39.73,12.48,49.87
2011-04-30,4350.0,22.033333333333335,29.26,72.35333333333334,9.216666666666667,21.298333333333336,32.47666666666667,65.12833333333333,57.27333333333333,7.993333333333334,30.63,14.1,34.391666666666666,24.72,69.25,7.863333333333334,23.146666666666665,51.535,52.57,19.318333333333335,12.450096618357488,18.386666666666667,24.01,10.776666666666667,34.123333333333335,36.681666666666665,32.89666666666666,10.383333333333333,43.86666666666667
2011-05-31,15400.0,19.516666666666666,26.775,68.70666666666666,7.1033333333333335,18.926666666666666,25.253333333333337,59.71666666666667,52.77666666666667,7.186666666666667,25.259999999999998,13.65,30.60333333333333,21.09,66.42,6.586666666666668,18.093333333333334,49.69,50.275000000000006,13.996666666666668,12.443478260869565,17.473333333333336,22.97,8.653333333333332,28.756666666666668,29.193333333333335,26.063333333333333,8.286666666666665,37.86333333333333
2011-06-30,18600.0,17.0,21.18,65.06,4.99,16.555,18.03,54.305,48.28,6.380000000000001,19.89,11.15,26.814999999999998,19.6,54.67,5.3100000000000005,13.04,38.28,46.8,8.675,12.436859903381643,16.560000000000002,21.93,6.53,23.39,21.705,19.229999999999997,6.1899999999999995,31.86
2011-07-31,8910.0,15.12,22.13,67.236,6.078,17.778,20.874000000000002,56.164,49.864000000000004,6.982000000000001,20.67,11.1,28.227999999999998,20.915,56.0,5.998,14.959999999999999,40.45,49.175,11.89625,12.43024154589372,16.994000000000003,21.45,7.29,24.14,24.56,21.723999999999997,7.175999999999999,34.248
2011-08-31,2480.0,16.535,24.715,69.412,7.166,19.001,23.718,58.023,51.448,7.5840000000000005,23.065,11.26,29.641,23.3,59.675,6.686,16.88,45.165,51.870000000000005,15.1175,12.423623188405797,17.428,21.395,8.7775,26.54,27.415,24.217999999999996,8.161999999999999,36.635999999999996
2011-09-30,1820.0,17.95,26.07,71.588,8.254,20.224,26.562,59.882000000000005,53.032000000000004,8.186,25.46,11.8,31.054000000000002,24.43,62.394999999999996,7.3740000000000006,18.8,46.755,52.644999999999996,18.338749999999997,12.417004830917875,17.862000000000002,21.34,10.265,28.94,30.269999999999996,26.712,9.148,39.024
2011-10-31,2010.0,19.365000000000002,26.81,73.764,9.341999999999999,21.447000000000003,29.406,61.741,54.616,8.788,27.855,12.25,32.467,24.68,63.21,8.062000000000001,20.72,47.27,52.92,21.56,12.410386473429952,18.296,21.285,11.752500000000001,31.340000000000003,33.125,29.206,10.134,41.412
2011-11-30,1890.0,20.78,27.21,75.94,10.43,22.67,32.25,63.6,56.2,9.39,30.25,12.98,33.88,25.34,64.24,8.75,22.64,48.45,53.835,19.2,12.403768115942029,18.73,21.23,13.24,33.74,35.98,31.7,11.12,43.8
2011-12-31,1620.0,21.104,27.91,76.17999999999999,10.224,22.472,32.062,63.844,56.524,9.22,30.074,13.74,34.02,25.855,65.84,8.466,22.400000000000002,49.79,54.64,18.726,12.397149758454107,18.684,22.034,12.864,33.56,35.784,31.582,10.824,43.442
2012-01-31,1570.0,21.428,28.47,76.42,10.018,22.274,31.874,64.088,56.848,9.05,29.898,14.32,34.160000000000004,25.865000000000002,66.94,8.182,22.16,50.73,55.34,18.252,12.390531400966184,18.638,22.838,12.488,33.38,35.588,31.464,10.528,43.083999999999996
2012-02-29,1480.0,21.752,28.86,76.66,9.812,22.076,31.686,64.332,57.172000000000004,8.879999999999999,29.722,14.7,34.3,25.8,67.75,7.898,21.92,51.53,55.67,17.778,12.38391304347826,18.592,23.642,12.112,33.2,35.391999999999996,31.346,10.232,42.726
2012-03-31,2430.0,22.076,28.77,76.9,9.606,21.878,31.497999999999998,64.576,57.496,8.709999999999999,29.546,14.43,34.44,24.99,68.04,7.614,21.68,51.495000000000005,54.82,17.304,12.37729468599034,18.546,24.446,11.735999999999999,33.02,35.196,31.227999999999998,9.936,42.367999999999995
2012-04-30,6125.0,22.4,27.22,77.14,9.4,21.68,31.31,64.82,57.82,8.54,29.37,14.62,34.58,23.94,64.69666666666667,7.33,21.44,48.16,51.370000000000005,16.83,12.370676328502416,18.5,25.25,11.36,32.84,35.0,31.11,9.64,42.01
2012-05-31,8370.0,21.025,23.77,67.0,7.08,19.49,25.1,58.31,51.25,7.2,26.785,13.64,32.055,21.75,61.35333333333333,5.15,17.18,43.57,49.64,13.4,12.364057971014493,18.215,23.71,10.495000000000001,30.285000000000004,28.73,25.43,9.2,39.480000000000004
2012-06-30,7870.0,19.65,23.21,66.5,7.58,20.625,25.375,58.28,51.225,7.25,24.2,12.62,29.53,21.15,58.01,5.36,17.545,43.129999999999995,50.06,13.844999999999999,12.35743961352657,17.93,22.17,9.63,27.73,29.005000000000003,25.825,9.69,36.95
2012-07-31,2560.0,18.8,24.5,66.0,8.08,21.759999999999998,25.65,58.25,51.2,7.3,24.32,12.25,29.91,22.99,60.565,5.57,17.91,45.69,51.995,14.29,12.350821256038648,17.55,19.95,10.3,27.84,29.28,26.22,10.18,37.48
2012-08-31,1340.0,20.116666666666667,26.32,69.66666666666667,8.886666666666667,22.134999999999998,28.349999999999998,60.53333333333333,52.775000000000006,7.95,26.813333333333333,12.2,31.593333333333334,25.045,63.12,6.546666666666667,19.85,47.815,53.09,16.276666666666667,12.344202898550725,17.805,20.025,11.370000000000001,30.32,32.04666666666667,28.523333333333333,10.6,40.06333333333333
2012-09-30,1160.0,21.433333333333334,26.97,73.33333333333333,9.693333333333333,22.509999999999998,31.05,62.81666666666666,54.35,8.6,29.30666666666667,12.205,33.27666666666667,25.78,64.555,7.523333333333333,21.79,48.825,53.6,18.263333333333332,12.337584541062803,18.060000000000002,20.1,12.44,32.8,34.81333333333333,30.826666666666668,11.02,42.64666666666666
2012-10-31,1490.0,22.75,27.65,77.0,10.5,22.884999999999998,33.75,65.1,55.925,9.25,31.8,12.27,34.96,26.05,65.19,8.5,23.73,49.34,53.92,20.25,12.33096618357488,18.315,20.175,13.51,35.28,37.58,33.13,11.44,45.23
2012-11-30,1630.0,23.14,27.9,77.81,10.624,22.968999999999998,34.474,65.738,57.5,9.32,32.4,12.8,35.404,26.08,65.7,8.638,24.314,49.81,54.17,20.832,12.324347826086957,18.57,20.25,13.51,35.88,38.339999999999996,33.886,11.516,45.867999999999995
2012-12-31,1640.0,23.53,28.11,78.62,10.748,23.052999999999997,35.198,66.376,58.275,9.39,33.0,13.44,35.848,26.36,66.33,8.776,24.898,50.5,54.58,21.414,12.317729468599033,18.835,21.572499999999998,13.51,36.480000000000004,39.1,34.642,11.592,46.506
2013-01-31,1350.0,23.919999999999998,28.77,79.42999999999999,10.872,23.137,35.922,67.014,59.05,9.459999999999999,33.6,14.27,36.292,26.95,67.67,8.914,25.482,51.644999999999996,55.545,21.996,12.311111111111112,19.1,22.895,13.51,37.08,39.86,35.397999999999996,11.668,47.144
2013-02-28,1390.0,24.31,29.1,80.24,10.995999999999999,23.221,36.646,67.652,59.825,9.53,34.199999999999996,14.63,36.736,27.22,68.32,9.052,26.066,52.07,55.71,22.578,12.304492753623189,19.365,24.2175,13.51,37.68,40.620000000000005,36.153999999999996,11.744,47.782000000000004
2013-03-31,1680.0,24.7,29.28,81.05,11.12,23.305,37.37,68.29,60.6,9.6,34.8,15.01,37.18,27.04,68.74,9.19,26.65,52.13,55.285,23.16,12.297874396135265,19.63,25.54,13.51,38.28,41.38,36.91,11.82,48.42
2013-04-30,2870.0,21.5,28.3,77.61,9.215,22.4625,32.36,65.27000000000001,58.29,8.5,30.825,15.23,34.730000000000004,25.23,66.58,7.225,22.785,50.269999999999996,53.53,18.93,12.291256038647344,19.14,24.97,11.645,34.32,35.980000000000004,31.985,10.535,43.86
2013-05-31,7260.0,18.3,25.54,74.17,7.31,21.62,27.35,62.25,55.98,7.4,26.85,14.46,32.28,25.21,66.11500000000001,5.26,18.92,45.95,50.525000000000006,14.7,12.28463768115942,18.65,24.4,9.78,30.36,30.58,27.06,9.25,39.3
2013-06-30,5120.0,19.075000000000003,24.35,70.805,8.16,21.945,27.545,61.254999999999995,54.61,7.5,26.41,13.43,31.755000000000003,25.2,62.44,5.84,18.97,44.56,50.760000000000005,15.045,12.278019323671497,18.45,23.255,10.675,29.924999999999997,30.905,27.445,10.04,39.42
2013-07-31,1750.0,19.85,25.36,67.44,9.01,22.270000000000003,27.74,60.26,53.24,7.6,25.97,13.06,31.23,25.155,62.26,6.42,19.02,46.535,52.66,15.39,12.271400966183576,18.25,22.11,11.57,29.49,31.23,27.83,10.83,39.54
2013-08-31,993.0,20.643333333333334,26.89,69.27666666666667,9.666666666666666,22.605,29.766666666666666,61.913333333333334,54.67666666666667,8.216666666666667,28.04,12.74,32.56333333333333,25.08,64.535,7.336666666666667,20.736666666666668,48.28,53.51,17.143333333333334,12.264782608695652,18.39,21.57,12.32,31.59333333333333,33.39666666666667,29.726666666666667,11.22,41.57666666666667
2013-09-30,964.0,21.436666666666667,27.39,71.11333333333333,10.323333333333334,22.94,31.793333333333333,63.56666666666666,56.11333333333333,8.833333333333332,30.11,12.57,33.89666666666666,25.47,65.44,8.253333333333334,22.453333333333333,48.995000000000005,53.8,18.896666666666665,12.25816425120773,18.53,21.029999999999998,13.07,33.696666666666665,35.56333333333333,31.623333333333335,11.61,43.61333333333333
2013-10-31,1370.0,22.23,27.755000000000003,72.95,10.98,23.275,33.82,65.22,57.55,9.45,32.18,12.93,35.23,25.89,65.3,9.17,24.17,49.26,54.045,20.65,12.251545893719808,18.67,20.49,13.82,35.8,37.73,33.52,12.0,45.65
2013-11-30,1305.0,22.495,28.32,73.69,10.811666666666667,23.1375,34.13333333333333,65.42,57.71333333333333,9.333333333333332,32.34166666666667,13.6,35.321666666666665,26.425,66.18,8.985,24.328333333333333,50.07,54.605000000000004,20.48333333333333,12.244927536231884,18.631666666666668,21.188333333333333,13.575,35.94,38.00833333333333,33.78666666666667,11.888333333333334,45.83833333333333
2013-12-31,1110.0,22.76,28.75,74.43,10.643333333333334,23.0,34.446666666666665,65.62,57.876666666666665,9.216666666666667,32.50333333333333,14.32,35.413333333333334,26.63,67.32499999999999,8.8,24.486666666666668,50.83,54.835,20.316666666666666,12.238309178743961,18.593333333333334,21.886666666666667,13.33,36.08,38.28666666666666,34.053333333333335,11.776666666666667,46.026666666666664
2014-01-31,1090.0,23.025,28.99,75.17,10.475000000000001,22.8625,34.760000000000005,65.82,58.04,9.1,32.665,14.8,35.504999999999995,25.575,67.83,8.615,24.645000000000003,51.32,55.65,20.15,12.23169082125604,18.555,22.585,13.085,36.22,38.565,34.32,11.665,46.215
2014-02-28,1013.0,23.29,29.35,75.91,10.306666666666667,22.725,35.07333333333334,66.02,58.20333333333333,8.983333333333333,32.82666666666667,15.17,35.596666666666664,27.11,68.36500000000001,8.43,24.803333333333335,51.64,55.69,19.98333333333333,12.225072463768116,18.51666666666667,23.28333333333333,12.84,36.36,38.843333333333334,34.586666666666666,11.553333333333333,46.403333333333336
2014-03-31,2360.0,23.555,28.42,76.65,10.138333333333334,22.587500000000002,35.38666666666667,66.22,58.36666666666667,8.866666666666667,32.98833333333333,14.09,35.68833333333333,23.79,67.37,8.245000000000001,24.961666666666666,50.42,54.37,19.816666666666666,12.218454106280193,18.478333333333335,23.981666666666666,12.594999999999999,36.5,39.12166666666666,34.85333333333333,11.441666666666666,46.59166666666667
2014-04-30,4670.0,23.82,27.84,77.39,9.97,22.450000000000003,35.7,66.42,58.53,8.75,33.15,14.46,35.78,23.58,66.07,8.06,25.12,49.13,52.9,19.65,12.211835748792272,18.44,24.68,12.35,36.64,39.4,35.12,11.33,46.78
2014-05-31,12400.0,20.32,24.314999999999998,71.975,7.710000000000001,21.16,28.96,61.695,54.635000000000005,7.725,28.07,14.04,32.025,22.29,61.17,5.86,20.265,43.98,50.144999999999996,15.559999999999999,12.205217391304348,18.195,23.35,10.16,31.564999999999998,32.53,28.799999999999997,9.435,40.99
2014-06-30,8175.0,16.82,22.39,66.56,5.45,19.869999999999997,22.22,56.97,50.74,6.7,22.99,12.27,28.27,21.68,57.54,3.66,15.41,41.97,49.855000000000004,11.47,12.198599033816425,17.95,22.02,7.97,26.49,25.66,22.48,7.54,35.2
2014-07-31,3190.0,17.426000000000002,23.85,69.245,6.7375,20.529999999999998,24.8275,58.6725,52.0825,7.327500000000001,24.532,11.61,29.7425,23.02,59.17,4.915,17.265,44.515,51.805,13.4275,12.191980676328503,18.03,21.39,9.042,28.026,28.3275,24.875,8.5675,36.986000000000004
2014-08-31,1720.0,18.032,25.75,71.93,8.025,21.189999999999998,27.435,60.375,53.425,7.955,26.073999999999998,11.53,31.214999999999996,24.13,61.91,6.17,19.119999999999997,46.79,53.0,15.385000000000002,12.18536231884058,18.11,20.76,10.114,29.562,30.994999999999997,27.270000000000003,9.595,38.772000000000006
2014-09-30,1520.0,18.638,26.29,74.615,9.3125,21.85,30.042499999999997,62.0775,54.7675,8.582500000000001,27.616,11.87,32.6875,25.27,62.85,7.425,20.974999999999998,47.515,53.474999999999994,17.3425,12.178743961352657,18.19,20.13,11.186,31.098,33.662499999999994,29.665000000000003,10.6225,40.55800000000001
2014-10-31,1510.0,19.244,27.26,77.3,10.6,22.51,32.65,63.78,56.11,9.21,29.158,12.34,34.16,25.61,63.84,8.68,22.83,48.25,53.81,19.3,12.172125603864735,18.27,19.5,12.258,32.634,36.33,32.06,11.65,42.344
2014-11-30,1700.0,19.85,27.35,77.354,10.41,22.314,32.56,63.944,56.248,9.076,30.7,12.83,34.156,25.86,64.23,8.448,22.645999999999997,48.71,54.105000000000004,18.938,12.165507246376812,18.35,18.87,13.33,34.17,36.266,31.830000000000002,11.418000000000001,44.13
2014-12-31,1640.0,20.0925,27.37,77.408,10.22,22.118000000000002,32.47,64.108,56.385999999999996,8.942,30.5175,13.53,34.152,26.25,64.345,8.216,22.462,49.23,54.515,18.576,12.158888888888889,18.475,20.21,12.9025,33.97,36.202,31.6,11.186,43.7575
2015-01-31,1620.0,20.335,27.81,77.46199999999999,10.03,21.922,32.38,64.27199999999999,56.524,8.808,30.335,14.075,34.147999999999996,26.13,65.03,7.984,22.278,48.95,54.03,18.214,12.152270531400967,18.6,21.55,12.475,33.769999999999996,36.138,31.37,10.954,43.385000000000005
2015-02-28,2765.0,20.5775,27.43,77.51599999999999,9.84,21.726000000000003,32.29,64.43599999999999,56.662,8.674,30.1525,13.91,34.144,24.7,65.19,7.752,22.094,48.905,53.84,17.852,12.145652173913044,18.725,22.89,12.0475,33.57,36.074,31.14,10.722,43.0125
2015-03-31,4410.0,20.82,27.57,77.57,9.65,21.53,32.2,64.6,56.8,8.54,29.97,14.28,34.14,25.24,65.33,7.52,21.91,48.95,53.8,17.49,12.13903381642512,18.85,24.23,11.62,33.37,36.01,30.91,10.49,42.64
2015-04-30,4415.0,19.923333333333332,26.44,73.61333333333333,8.856666666666667,20.756666666666668,30.783333333333335,63.3,55.699999999999996,8.143333333333333,28.763333333333332,14.34,33.08,24.86,63.35,6.6466666666666665,20.8,47.129999999999995,52.39,16.57,12.1324154589372,18.650000000000002,23.27,11.013333333333334,32.18666666666667,34.50666666666667,29.863333333333333,10.06,41.483333333333334
2015-05-31,5050.0,19.026666666666667,24.44,69.65666666666667,8.063333333333333,19.983333333333334,29.366666666666667,62.0,54.6,7.746666666666666,27.55666666666667,13.95,32.02,24.25,62.13,5.773333333333333,19.689999999999998,46.235,51.94,15.65,12.125797101449276,18.45,22.310000000000002,10.406666666666666,31.003333333333334,33.00333333333333,28.816666666666666,9.629999999999999,40.32666666666667
2015-06-30,3155.0,18.13,24.51,65.7,7.27,19.21,27.95,60.7,53.5,7.35,26.35,12.82,30.96,24.42,61.29,4.9,18.58,45.54,52.105000000000004,14.73,12.119178743961353,18.25,21.35,9.8,29.82,31.5,27.77,9.2,39.17
2015-07-31,1470.0,19.46,26.39,69.03666666666666,8.446666666666667,20.683333333333334,30.19333333333333,61.64125,55.06666666666667,8.133333333333333,28.5,12.54,32.516666666666666,25.11,64.04,6.14,20.513333333333332,47.7,53.474999999999994,16.786666666666665,12.11256038647343,18.336666666666666,20.746666666666666,11.17,31.996666666666666,33.776666666666664,29.826666666666664,10.143333333333333,41.49
2015-08-31,922.0,20.79,27.01,72.37333333333333,9.623333333333333,22.156666666666666,32.43666666666667,62.5825,56.63333333333333,8.916666666666666,30.65,12.43,34.07333333333334,26.12,65.61,7.379999999999999,22.446666666666665,48.935,54.02,18.843333333333334,12.105942028985508,18.423333333333336,20.143333333333334,12.540000000000001,34.17333333333333,36.053333333333335,31.883333333333333,11.086666666666666,43.81
2015-09-30,1035.0,22.12,27.8,75.71,10.8,23.63,34.68,63.52375000000001,58.2,9.7,32.8,12.4,35.63,26.68,66.23,8.62,24.38,49.66,54.24,20.9,12.099323671497585,18.51,19.54,13.91,36.35,38.33,33.94,12.03,46.13
2015-10-31,1130.0,22.506,28.59,76.854,10.886000000000001,23.634,35.344,64.465,58.6,9.636,33.275999999999996,12.59,36.0,27.21,66.44,8.792,24.868,50.045,54.51,21.407999999999998,12.092705314009661,18.698,20.564,13.926,36.862,39.07,34.656,12.033999999999999,46.642
2015-11-30,1395.0,22.892,28.57,77.998,10.972000000000001,23.637999999999998,36.008,65.40625,59.0,9.572,33.751999999999995,13.04,36.37,27.2,66.81,8.964,25.355999999999998,50.49,54.635000000000005,21.916,12.08608695652174,18.886,21.588,13.942,37.374,39.81,35.372,12.038,47.154
2015-12-31,1210.0,23.278000000000002,28.81,79.142,11.058,23.642,36.672,66.3475,59.400000000000006,9.508000000000001,34.228,13.85,36.74,27.34,67.48,9.136,25.844,50.745000000000005,55.215,22.424,12.079468599033817,19.074,22.612000000000002,13.958,37.885999999999996,40.55,36.088,12.042,47.666
2016-01-31,1200.0,23.664,29.13,80.286,11.144,23.645999999999997,37.336,67.28875000000001,59.800000000000004,9.444,34.704,14.504999999999999,37.11,27.244999999999997,68.16,9.308,26.332,51.56,55.74,22.932000000000002,12.072850241545893,19.262,23.636,13.974,38.397999999999996,41.29,36.804,12.046000000000001,48.178
2016-02-29,1580.0,24.05,29.31,81.43,11.23,23.65,38.0,68.23,60.2,9.38,35.18,14.85,37.48,26.04,68.71,9.48,26.82,51.8,55.85,23.44,12.066231884057972,19.45,24.66,13.99,38.91,42.03,37.52,12.05,48.69
2016-03-31,1890.0,24.045,29.31,80.38,10.99,23.22,37.675,68.215,60.21,9.255,35.035,14.96,37.349999999999994,24.17,68.75,8.99,26.72,51.73,55.04,23.240000000000002,12.059613526570049,19.415,25.189999999999998,13.57,38.765,41.55,37.085,11.690000000000001,48.545
2016-04-30,4430.0,24.04,28.54,79.33,10.75,22.79,37.35,68.2,60.22,9.13,34.89,15.04,37.22,23.02,67.85,8.5,26.62,49.97,53.095,23.04,12.052995169082125,19.38,25.72,13.15,38.62,41.07,36.65,11.33,48.4
2016-05-31,5890.0,19.76,24.62,67.19,7.61,20.24,28.95,61.4,54.15,7.4,27.42,14.94,31.36,22.85,62.63,5.75,19.18,46.43,51.77,15.42,12.046376811594204,19.05,24.43,10.45,30.88,32.64,28.97,9.62,40.22
2016-06-30,3725.0,20.12,24.5,69.2775,8.31,21.244999999999997,30.4,62.582499999999996,55.1875,7.9375,28.7325,13.66,32.3825,23.655,61.36,6.3675,20.465,45.75,51.95,16.7725,12.03975845410628,19.0625,23.285,11.2875,32.195,34.1175,30.295,10.165,41.677499999999995
2016-07-31,1620.0,20.48,25.89,71.36500000000001,9.01,22.25,31.85,63.765,56.224999999999994,8.475000000000001,30.045,12.64,33.405,25.15,63.08,6.985,21.75,47.45,53.25,18.125,12.033140096618357,19.075000000000003,22.14,12.125,33.51,35.595,31.62,10.71,43.135
2016-08-31,866.0,20.84,27.17,73.4525,9.71,23.255000000000003,33.3,64.94749999999999,57.262499999999996,9.012500000000001,31.3575,12.31,34.4275,25.76,65.31,7.602500000000001,23.035,49.09,54.035,19.4775,12.026521739130436,19.087500000000002,20.995,12.9625,34.825,37.0725,32.945,11.255,44.5925
2016-09-30,912.0,21.2,27.8,75.54,10.41,24.26,34.75,66.13,58.3,9.55,32.67,12.53,35.45,26.34,66.39,8.22,24.32,49.98,54.31,20.83,12.019903381642512,19.1,19.85,13.8,36.14,38.55,34.27,11.8,46.05
2016-10-31,1430.0,21.44,28.08,76.15333333333334,10.546666666666667,23.86,35.03,66.13,58.276666666666664,9.516666666666667,32.84,12.97,35.57,26.36,66.04,8.516666666666667,24.536666666666665,49.85,54.15,21.10333333333333,12.01328502415459,19.183333333333334,20.76,13.716666666666667,36.31,38.89333333333333,34.60333333333334,11.783333333333333,46.22666666666667
2016-11-30,1550.0,21.68,28.02,76.76666666666667,10.683333333333334,23.46,35.31,66.13,58.25333333333333,9.483333333333333,33.01,13.38,35.690000000000005,25.6,65.9,8.813333333333333,24.753333333333334,49.75,54.02,21.376666666666665,12.006666666666668,19.26666666666667,21.669999999999998,13.633333333333335,36.48,39.236666666666665,34.93666666666667,11.766666666666667,46.40333333333333
2016-12-31,1230.0,21.92,28.54,77.38,10.82,23.06,35.59,66.13,58.23,9.45,33.18,13.99,35.81,26.24,66.475,9.11,24.97,50.26,54.54,21.65,12.000048309178744,19.35,22.58,13.55,36.65,39.58,35.27,11.75,46.58
2017-01-31,1160.0,21.53,28.62,76.50666666666666,10.21,22.363333333333333,34.263333333333335,65.28666666666666,57.47666666666667,9.006666666666666,31.993333333333332,14.6,35.04333333333334,25.453333333333333,66.25,8.276666666666667,23.736666666666665,47.85,54.18333333333333,20.156666666666666,11.993429951690821,18.633333333333333,23.236666666666665,12.516666666666667,35.443333333333335,38.10333333333333,33.800000000000004,11.206666666666667,45.11
2017-02-28,1660.0,21.14,28.305,75.63333333333334,9.6,21.666666666666664,32.93666666666667,64.44333333333333,56.72333333333333,8.563333333333333,30.80666666666667,15.04,34.276666666666664,24.666666666666664,66.02499999999999,7.443333333333333,22.503333333333334,48.02,53.82666666666667,18.663333333333334,11.9868115942029,17.916666666666668,23.893333333333334,11.483333333333333,34.236666666666665,36.626666666666665,32.33,10.663333333333332,43.64
2017-03-31,4710.0,20.75,27.61,74.76,8.99,20.97,31.61,63.6,55.97,8.12,29.62,14.344999999999999,33.51,23.88,65.8,6.61,21.27,48.8,53.47,17.17,11.980193236714976,17.2,24.55,10.45,33.03,35.15,30.86,10.12,42.17
2017-04-30,5345.0,18.816666666666666,25.97,72.91,7.6,19.375,27.57,60.435,53.17,7.713333333333333,27.746666666666666,13.14,31.235,23.78,62.405,5.33,18.775,46.16,51.69,14.725000000000001,11.973574879227053,17.403333333333332,23.92,9.736666666666666,31.17,32.06333333333333,27.240000000000002,9.015,40.14
2017-05-31,9860.0,16.883333333333333,23.48,71.06,6.21,17.78,23.53,57.27,50.37,7.306666666666667,25.873333333333335,12.33,28.96,22.05,59.15,4.05,16.28,42.03,49.73,12.28,11.966956521739132,17.606666666666666,23.29,9.023333333333333,29.31,28.976666666666667,23.62,7.91,38.11
2017-06-30,9255.0,14.95,22.44,69.21,7.245,19.045,25.777500000000003,59.0,51.7975,6.9,24.0,11.46,30.2875,21.7,56.91,5.04,17.9025,41.215,49.7,14.0175,11.960338164251208,17.81,22.66,8.31,27.45,25.89,25.637500000000003,8.85,36.08
2017-07-31,2300.0,16.87,24.91,70.39333333333333,8.28,20.310000000000002,28.025000000000002,60.730000000000004,53.224999999999994,7.803333333333334,26.32,11.39,31.615000000000002,25.02,60.29,6.029999999999999,19.525,45.325,52.6,15.754999999999999,11.953719806763285,17.65,20.725,10.030000000000001,29.79,29.26,27.655,9.79,38.81333333333333
2017-08-31,1180.0,18.79,26.66,71.57666666666667,9.315,21.575,30.2725,62.46,54.652499999999996,8.706666666666667,28.64,11.594999999999999,32.9425,25.84,63.55,7.02,21.1475,47.41,53.275000000000006,17.4925,11.947101449275364,17.49,18.79,11.75,32.129999999999995,32.63,29.6725,10.73,41.54666666666667
2017-09-30,1220.0,20.71,27.17,72.76,10.35,22.84,32.52,64.19,56.08,9.61,30.96,12.01,34.27,25.61,64.6,8.01,22.77,48.39,53.285000000000004,19.23,11.94048309178744,17.33,18.61,13.47,34.47,36.0,31.69,11.67,44.28
2017-10-31,1520.0,21.143333333333334,27.46,74.95666666666666,10.33,22.703333333333333,33.333333333333336,64.6,56.43666666666667,9.493333333333332,31.51,12.27,34.62666666666667,26.07,64.46,8.163333333333334,23.36,48.72,53.295,19.84,11.933864734299517,17.923333333333332,19.756666666666668,13.316666666666666,35.016666666666666,36.89666666666667,32.54666666666667,11.596666666666666,44.89666666666667
2017-11-30,1535.0,21.576666666666668,27.83,77.15333333333334,10.309999999999999,22.566666666666666,34.14666666666667,65.01,56.79333333333333,9.376666666666667,32.06,12.8,34.983333333333334,26.51,65.44,8.316666666666666,23.95,49.63,53.30500000000001,20.45,11.927246376811595,18.516666666666666,20.903333333333332,13.163333333333334,35.56333333333333,37.79333333333333,33.403333333333336,11.523333333333333,45.513333333333335
2017-12-31,1520.0,22.01,28.1,79.35,10.29,22.43,34.96,65.42,57.15,9.26,32.61,13.53,35.34,25.97,66.16,8.47,24.54,50.31,53.315000000000005,21.06,11.920628019323672,19.11,22.05,13.01,36.11,38.69,34.26,11.45,46.13
2018-01-31,1510.0,22.267500000000002,28.52,78.57249999999999,10.2325,22.405,35.307500000000005,65.7875,57.46,9.17,32.9625,14.18,35.5775,26.58,67.02,8.352500000000001,24.549999999999997,50.96,53.325,20.8675,11.914009661835749,19.1675,22.94,12.8575,36.4625,39.037499999999994,34.589999999999996,11.2425,46.3825
2018-02-28,2040.0,22.525,28.45,77.79499999999999,10.175,22.38,35.655,66.155,57.769999999999996,9.08,33.315,14.22,35.815,26.19,67.37,8.235,24.56,50.89,53.33500000000001,20.674999999999997,11.907391304347826,19.225,23.83,12.705,36.815,39.385,34.92,11.035,46.635000000000005
2018-03-31,2380.0,22.7825,28.71,77.0175,10.1175,22.354999999999997,36.0025,66.52250000000001,58.08,8.99,33.667500000000004,14.4,36.0525,26.45,67.715,8.1175,24.57,51.23,53.345000000000006,20.482499999999998,11.900772946859904,19.2825,24.72,12.5525,37.167500000000004,39.7325,35.25,10.827499999999999,46.8875
2018-04-30,5800.0,23.04,27.98,76.24,10.06,22.33,36.35,66.89,58.39,8.9,34.02,14.31,36.29,25.384999999999998,66.66,8.0,24.58,49.59,53.355000000000004,20.29,11.894154589371981,19.34,25.61,12.4,37.52,40.08,35.58,10.62,47.14
2018-05-31,22800.0,15.99,21.46,71.55,4.61,16.54,17.47,53.05,46.56,6.47,20.42,12.86,26.44,20.18,54.885000000000005,2.96,12.76,36.68,46.39,8.61,11.88753623188406,17.5,24.02,6.53,23.93,21.04,18.39,5.89,31.86
2018-06-30,13050.0,17.246666666666666,21.27,71.14,6.533333333333334,18.599999999999998,21.73,55.873333333333335,48.93,7.319999999999999,22.976666666666667,11.76,28.496666666666666,21.62,53.76,4.656666666666667,15.406666666666666,39.76,49.37,11.453333333333333,11.880917874396136,17.686666666666667,22.143333333333334,8.743333333333334,26.486666666666668,25.113333333333333,21.96666666666667,7.86,35.016666666666666
2018-07-31,4020.0,18.503333333333334,23.56,70.72999999999999,8.456666666666667,20.66,25.990000000000002,58.696666666666665,51.300000000000004,8.17,25.533333333333335,11.61,30.553333333333335,23.95,56.905,6.3533333333333335,18.053333333333335,43.345,52.18,14.296666666666667,11.874299516908213,17.87333333333333,20.266666666666666,10.956666666666667,29.043333333333333,29.186666666666667,25.543333333333333,9.83,38.17333333333333
2018-08-31,1920.0,19.76,25.82,70.32,10.38,22.72,30.25,61.52,53.67,9.02,28.09,11.5,32.61,25.98,61.254999999999995,8.05,20.7,46.17,53.78,17.14,11.86768115942029,18.06,18.39,13.17,31.6,33.26,29.12,11.8,41.33
2018-09-30,1680.0,20.525000000000002,26.655,72.3825,10.547500000000001,22.7925,31.1025,62.160000000000004,54.21,9.045,28.9075,11.42,33.1,26.38,62.6,8.34,21.415,46.96,54.3,17.885,11.861062801932368,18.345,19.21,13.235,32.415,34.3425,30.0975,11.9,42.185
2018-10-31,1970.0,21.29,27.19,74.445,10.715,22.865000000000002,31.955,62.8,54.75,9.07,29.725,11.965,33.59,26.53,63.03,8.63,22.13,47.425,54.83,18.630000000000003,11.854444444444445,18.63,20.03,13.3,33.230000000000004,35.425,31.075000000000003,12.0,43.04
2018-11-30,2095.0,22.055,27.3,76.5075,10.8825,22.9375,32.8075,63.44,55.29,9.094999999999999,30.5425,12.77,34.08,26.34,63.49,8.920000000000002,22.845,47.84,55.18,19.375,11.847826086956523,18.915,20.85,13.365,34.045,36.5075,32.0525,12.1,43.894999999999996
2018-12-31,1640.0,22.82,27.915,78.57,11.05,23.01,33.66,64.08,55.83,9.12,31.36,13.51,34.57,26.82,64.89,9.21,23.56,49.17,56.43,20.12,11.8412077294686,19.2,21.67,13.43,34.86,37.59,33.03,12.2,44.75
2019-01-31,1500.0,23.105,28.61,78.48249999999999,10.8725,22.86,33.677499999999995,64.265,56.644999999999996,8.837499999999999,31.4975,14.14,34.7675,27.37,66.22,8.945,23.224999999999998,50.315,57.57,19.8075,11.834589371980677,19.1325,22.552500000000002,13.125,34.975,37.13,32.5025,11.9175,44.6125
2019-02-28,1255.0,23.39,28.99,78.395,10.695,22.71,33.69499999999999,64.44999999999999,57.46,8.555,31.634999999999998,14.64,34.965,27.28,66.67,8.68,22.89,49.61,57.53,19.495,11.827971014492753,19.064999999999998,23.435000000000002,12.82,35.09,36.67,31.975,11.635,44.475
2019-03-31,1410.0,23.675,29.0,78.3075,10.5175,22.560000000000002,33.7125,64.63499999999999,58.275000000000006,8.2725,31.7725,14.92,35.1625,27.34,66.39,8.415000000000001,22.555,47.96,56.22,19.1825,11.821352657004832,18.9975,24.3175,12.515,35.205,36.21,31.4475,11.3525,44.337500000000006
2019-04-30,7555.0,23.96,26.43,78.22,10.34,22.41,33.73,64.82,59.09,7.99,31.91,13.04,35.36,21.62,63.485,8.15,22.22,45.92,52.7,18.87,11.814734299516909,18.93,25.2,12.21,35.32,35.75,30.92,11.07,44.2
2019-05-31,9750.0,17.35,23.44,72.54,6.4,18.71,22.95,56.85,51.75,7.34,23.62,12.26,28.87,20.43,58.835,4.46,15.76,41.72,50.65,12.19,11.808115942028985,17.09,22.87,8.39,27.09,26.35,23.16,7.82,35.71
2019-06-30,5565.0,18.2025,23.11,71.44,7.405,19.692500000000003,25.0975,58.32,52.9875,7.715,25.1975,11.43,30.005,21.52,57.13,5.3175,17.3125,42.48,51.75,13.7775,11.801497584541064,17.2075,21.3075,9.625,28.675,28.55,25.1125,8.8325,37.575
2019-07-31,2750.0,19.055,24.71,70.34,8.41,20.675,27.244999999999997,59.79,54.225,8.09,26.775,11.34,31.14,24.87,59.44,6.175,18.865,45.11,53.49,15.364999999999998,11.79487922705314,17.325,19.745,10.86,30.259999999999998,30.75,27.064999999999998,9.844999999999999,39.44
2019-08-31,1420.0,19.907500000000002,26.355,69.24000000000001,9.415,21.6575,29.3925,61.26,55.462500000000006,8.465,28.3525,11.46,32.275,25.76,62.02,7.0325,20.417499999999997,46.72,54.51,16.9525,11.788260869565217,17.4425,18.1825,12.095,31.845,32.95,29.0175,10.8575,41.305
2019-09-30,1755.0,20.76,26.7,68.14,10.42,22.64,31.54,62.73,56.7,8.84,29.93,11.41,33.41,25.59,63.05,7.89,21.97,47.4,54.8,18.54,11.781642512077296,17.56,16.62,13.33,33.43,35.15,30.97,11.87,43.17
2019-10-31,1910.0,21.35,27.35,71.34,10.665,22.82,32.85,63.8625,57.6625,9.0725,30.8675,12.12,34.162499999999994,26.0,63.61,8.27,22.89,48.28,55.32,19.4625,11.775024154589373,18.002499999999998,18.125,13.44,34.3675,36.5875,32.32,11.955,44.195
2019-11-30,1815.0,21.94,27.92,74.53999999999999,10.91,23.0,34.16,64.995,58.625,9.305,31.805,12.85,34.915,26.56,65.0,8.65,23.81,49.27,55.95,20.384999999999998,11.76840579710145,18.445,19.630000000000003,13.55,35.305,38.025,33.67,12.04,45.22
2019-12-31,1590.0,22.53,28.45,77.74,11.155000000000001,23.18,35.47,66.1275,59.5875,9.5375,32.7425,13.45,35.667500000000004,27.04,66.155,9.03,24.729999999999997,50.28,56.64,21.3075,11.761787439613528,18.8875,21.135,13.66,36.2425,39.4625,35.019999999999996,12.125,46.245000000000005
2020-01-31,1440.0,23.12,29.02,80.94,11.4,23.36,36.78,67.26,60.55,9.77,33.68,13.98,36.42,27.28,67.35,9.41,25.65,51.35,57.38,22.23,11.755169082125605,19.33,22.64,13.77,37.18,40.9,36.37,12.21,47.27
2020-02-29,1440.0,23.52,29.46,81.76,11.53,23.54,37.76,68.2,61.44,9.81,34.57,14.42,37.05,27.42,68.59,9.57,26.41,52.34,57.69,22.98,11.748550724637681,19.47,23.68,13.78,38.07,41.93,37.38,12.32,48.09
2020-03-31,1640.0,24.06,29.68,81.93,11.47,23.66,38.66,69.05,62.22,9.54,35.26,14.75,37.63,27.0,69.04,9.4,27.21,52.79,57.98,23.75,11.74193236714976,19.64,24.86,13.7,38.75,42.89,38.33,12.1,48.92
2020-04-30,3025.0,20.9,29.38,79.5,9.87,22.06,34.35,66.76,61.11,7.85,31.97,15.11,36.36,22.64,68.66499999999999,7.59,23.28,52.38,56.455,18.65,11.735314009661836,18.49,25.46,12.14,35.4,37.87,33.5,9.75,44.49
2020-05-31,10800.0,17.37,25.26,70.92,6.38,18.95,23.89,59.27,54.16,7.0,24.88,14.7,30.41,21.32,62.985,4.45,16.37,45.86,51.625,12.2,11.728695652173913,17.63,23.92,8.1,28.32,26.88,23.24,7.85,36.66
2020-06-30,9830.0,17.29,22.72,66.98,7.42,19.09,25.43,57.77,51.78,7.4,24.44,13.39,28.99,20.65,57.3,4.87,17.14,41.34,49.21,13.54,11.722077294685992,18.21,21.02,9.2,27.94,28.24,24.86,9.43,37.0
2020-07-31,4410.0,19.13,23.77,68.84,9.67,21.86,29.13,59.75,53.77,8.53,26.21,12.49,30.88,21.89,58.08,7.3,19.16,45.17,50.67,15.54,11.715458937198068,18.46,17.28,12.13,29.72,31.87,28.13,11.45,39.25
2020-08-31,1640.0,20.69,26.1,71.37,10.56,22.96,32.01,63.23,57.0,9.0,29.25,12.11,33.48,24.81,61.84,8.12,21.11,47.3,52.129999999999995,18.35,11.708840579710145,18.3,15.82,13.43,32.75,35.08,30.69,12.02,42.59
2020-09-30,1510.0,21.67,27.09,73.94,10.88,22.73,34.1,64.55,58.36,9.63,30.93,11.79,34.11,25.54,64.1,8.65,22.81,48.29,53.589999999999996,19.29,11.702222222222224,18.15,17.1,13.42,34.43,36.98,32.34,12.06,44.25
2020-10-31,1950.0,21.26,27.59,75.55,10.57,24.16,33.19,64.64,58.55,9.17,30.4,12.31,34.32,24.57,64.73,8.43,22.67,48.75,55.05,19.02,11.6956038647343,18.66,18.94,12.87,33.9,37.12,32.83,11.72,43.72
2020-11-30,2240.0,21.93,27.42,77.36,10.7,23.5,33.52,64.28,58.62,9.14,30.41,13.03,34.4,22.78,64.52,8.69,22.75,49.2,55.31,18.94,11.688985507246377,18.95,20.21,12.92,33.91,37.73,33.61,11.85,44.51
2020-12-31,1700.0,22.19,28.11,77.89,11.02,22.84,34.65,64.89,58.88,9.34,31.48,13.82,34.87,24.05,65.61,9.12,23.87,50.39,56.38,16.8,11.682367149758456,19.22,21.03,13.34,34.98,38.78,34.59,12.19,45.02
2021-01-31,1570.0,23.0,28.8,81.17,11.23,22.95,36.61,67.06,60.65,9.2,33.56,14.47,36.16,24.43,67.08,9.27,25.48,51.52,57.0,22.1,11.675748792270532,19.57,22.83,13.65,37.06,40.9,36.58,12.16,47.13
2021-02-28,1385.0,23.65,29.18,84.38,11.14,23.21,37.07,68.33,61.93,9.085,34.6,14.88,36.99,25.56,68.21,9.28,26.17,52.2,57.51,22.76,11.669130434782609,19.51,24.36,13.52,38.08,41.13,37.02,12.0,48.17
2021-03-31,2140.0,23.87,29.26,84.15,11.32,23.21,37.86,68.63,62.1,8.97,34.69,14.97,37.21,25.94,68.37,9.14,26.51,51.82,57.34,22.62,11.662512077294686,19.61,24.77,13.54,38.15,41.81,37.28,12.0,48.13
2021-04-30,3960.0,21.5325,27.93,82.45,10.2,21.98,34.97,66.99,60.835,8.475000000000001,32.144999999999996,15.29,35.96,23.08,66.41,7.91,23.925,50.11,54.83,19.645000000000003,11.655893719806764,19.17,24.3275,11.955,35.605000000000004,38.03,33.86,11.0,44.552499999999995
2021-05-31,8390.0,19.195,25.73,80.75,7.48,21.34,32.08,65.35,59.57,7.98,29.6,14.55,34.71,21.76,63.83,5.38,21.34,46.525000000000006,52.52,16.67,11.649275362318841,18.73,23.884999999999998,10.370000000000001,33.06,34.715,30.765,11.105,40.974999999999994
2021-06-30,6695.0,19.12,23.47,67.39,8.74,20.7,33.1,59.74,53.92,7.62,25.52,13.08,30.19,21.54,59.12,6.44,18.35,42.82,51.33,14.85,11.64265700483092,18.629,18.88,11.05,29.06,31.4,27.67,11.21,38.7
2021-07-31,1940.0,19.985,25.48,69.43,9.586666666666666,21.573333333333334,33.443333333333335,61.81333333333333,56.11,8.113333333333333,27.830000000000002,12.26,31.943333333333335,22.95,61.325,7.326666666666667,20.363333333333333,46.11,54.03,16.856666666666666,11.636038647342996,18.528000000000002,18.82125,11.745000000000001,31.356666666666666,33.64333333333333,29.746666666666666,11.616666666666667,40.588750000000005
2021-08-31,1420.0,20.85,27.25,71.47,10.433333333333334,22.446666666666665,33.78666666666667,63.88666666666666,58.300000000000004,8.606666666666666,30.14,12.27,33.69666666666667,24.05,64.18,8.213333333333333,22.37666666666667,47.86,55.085,18.863333333333333,11.629420289855073,18.427,18.7625,12.440000000000001,33.653333333333336,35.88666666666667,31.823333333333334,12.023333333333333,42.4775
2021-09-30,1210.0,21.715,27.98,73.51,11.28,23.32,34.13,65.96,60.49,9.1,32.45,12.23,35.45,25.13,65.785,9.1,24.39,49.05,55.61,20.87,11.62280193236715,18.326,18.70375,13.135,35.95,38.13,33.9,12.43,44.366249999999994
2021-10-31,1360.0,22.58,28.69,99.22,11.48,23.31,35.42,66.31,61.05,9.32,33.18,12.59,36.12,26.36,66.65,9.51,25.05,49.88,56.09,25.29,11.616183574879228,18.225,18.645,13.83,36.69,39.32,35.97,12.4,46.254999999999995
2021-11-30,1470.0,23.455,28.93,89.745,11.33,23.195,36.015,66.66,61.385,9.254999999999999,33.73,13.055,36.39,25.04,67.39,9.22,25.68,50.64,56.57,22.22,11.609565217391305,19.1,20.91,13.61,37.24,40.010000000000005,36.135,12.36,46.3525
2021-12-31,1510.0,23.9075,29.07,80.27,11.275,23.08,36.61,67.33,61.72,9.19,32.135,13.684999999999999,35.93,24.24,67.85,9.379999999999999,24.13,51.32,56.93,20.104999999999997,11.602946859903382,19.200000000000003,22.25,13.765,35.625,40.7,36.3,12.295,46.45
2022-01-31,1220.0,24.36,28.13,79.34,11.22,23.22,33.27,65.61,59.88,9.14,30.54,14.33,35.47,24.825,65.88,9.54,22.58,51.15,57.81,17.99,11.59632850241546,19.3,23.59,13.92,34.01,36.62,32.05,12.23,43.26
2022-02-28,1370.0,24.48,28.78,80.13,11.43,23.36,36.54,66.59,60.59,9.57,33.17,14.79,36.19,25.46,66.85,9.5,25.2,51.82,58.34,21.84,11.589710144927537,19.4,24.375,13.85,36.7,40.89,36.79,12.42,46.75
2022-03-31,2210.0,24.64,28.74,78.6,11.17,23.02,36.59,67.01,61.07,9.1,33.45,14.7,36.42,24.55,67.44,8.93,25.4,51.97,57.62,21.85,11.583091787439614,19.5,25.16,13.22,36.94,40.8,36.67,12.14,46.97
2022-04-30,2650.0,24.48,28.09,78.68,10.63,22.41,34.68,66.16,60.54,8.81,31.12,14.98,35.52,24.89,66.15,8.3,23.08,50.35,55.81,18.86,11.576473429951692,19.35,25.35,12.6,34.6,38.9,34.97,11.63,43.98
2022-05-31,6060.0,24.36,26.16,78.14,8.6,21.23,31.85,64.71,54.97,8.28,29.7,14.81,34.32,23.37,64.09,6.82,21.06,48.22,53.68,16.65,11.569855072463769,18.73,25.7,11.3,33.15,35.64,31.57,10.13,42.11
2022-06-30,8745.0,16.23,23.54,70.13,6.58,18.02,26.87,60.73,55.7,6.86,26.37,13.44,31.18,21.21,59.485,3.98,18.3,43.23,51.54,13.82,11.563236714975845,18.67,23.71,9.13,29.83,30.02,26.49,8.39,38.36
2022-07-31,3200.0,18.33,24.65,69.11,8.39,19.84,26.37,59.0,54.05,7.7,25.4,12.68,30.1,23.74,60.14,5.65,17.95,44.74,53.275000000000006,14.61,11.556618357487924,17.92,21.65,10.52,28.93,29.98,26.76,10.68,38.27
2022-08-31,1280.0,21.47,27.11,68.38,10.88,23.06,33.3,62.77,56.82,8.6,29.42,12.85,33.17,24.92,63.72,8.73,21.82,47.59,55.105000000000004,18.29,11.55,18.34,19.85,13.54,32.94,35.79,31.12,12.32,42.79
2022-09-30,1110.0,22.71,27.83,70.96,10.99,23.36,34.1,65.29,59.25,8.99,32.08,12.82,35.07,25.21,65.59,8.96,21.74,48.86,55.71,20.29,11.76,18.47,18.72,13.93,35.59,37.57,33.15,12.33,45.46
2022-10-31,1470.0,23.255000000000003,28.375,74.405,11.280000000000001,23.365000000000002,34.72,65.86500000000001,60.095,9.455,32.625,12.95,35.69,25.52,65.91,9.38,23.604999999999997,49.45,56.09,21.189999999999998,12.51,18.765,19.979999999999997,13.91,36.135000000000005,38.485,34.175,12.475,46.105000000000004
2022-11-30,1415.0,23.8,28.74,77.85,11.57,23.37,35.34,66.44,60.94,9.92,33.17,13.36,36.31,26.69,66.82,9.8,25.47,50.39,56.93,22.09,13.26,19.06,21.24,13.89,36.68,39.4,35.2,12.62,46.75
2022-12-31,1300.0,24.1875,29.25,80.19,11.64,23.5,36.11,67.10499999999999,61.545,10.02,33.885000000000005,14.08,36.71,27.244999999999997,67.45,9.760000000000002,25.875,50.87,57.8,22.505000000000003,13.46,19.31,22.765,13.97,37.394999999999996,40.099999999999994,35.7,12.579999999999998,47.45
2023-01-31,1220.0,24.575,29.42,82.53,11.71,23.63,36.88,67.77,62.15,10.12,34.6,14.71,37.11,27.82,68.35,9.72,26.28,51.32,58.4,22.92,13.66,19.56,24.29,14.05,38.11,40.8,36.2,12.54,48.15
2023-02-28,1125.0,24.88,29.75,83.07,11.78,23.71,37.36,68.33,62.78,9.97,35.1,15.2,37.55,27.86,68.97,9.85,26.89,51.99,58.8,23.5,13.69,19.65,25.08,14.19,38.61,41.21,36.92,12.55,48.71
2023-03-31,1210.0,25.07,29.94,82.245,11.754999999999999,23.73,38.230000000000004,68.61,62.55,9.875,35.29,15.38,37.724999999999994,27.884999999999998,69.37,9.725,27.02,52.46,58.93,23.6,13.36,19.54,25.54,14.05,38.79,41.745000000000005,37.394999999999996,12.545,48.865
2023-04-30,2670.0,25.26,29.41,81.42,11.73,23.75,39.1,68.89,62.32,9.78,35.48,15.44,37.9,24.32,68.815,9.6,27.15,51.74,56.95,23.7,13.03,19.43,26.0,13.91,38.97,42.28,37.87,12.54,49.02
2023-05-31,12200.0,25.26,24.805,81.42,11.73,23.75,39.1,68.89,62.32,9.78,35.48,14.67,37.9,21.52,62.295,9.6,27.15,43.74,50.94,23.7,13.03,19.43,26.0,13.91,38.97,42.28,37.87,12.54,49.02
2023-06-30,6595.0,25.26,23.53,81.42,11.73,23.75,39.1,68.89,62.32,9.78,35.48,13.45,37.9,22.89,58.83,9.6,27.15,43.08,52.61,23.7,13.03,19.43,26.0,13.91,38.97,42.28,37.87,12.54,49.02
2023-07-31,2250.0,25.26,25.225,81.42,11.73,23.75,39.1,68.89,62.32,9.78,35.48,12.85,37.9,22.89,61.25,9.6,27.15,45.864999999999995,54.58,23.7,13.03,19.43,26.0,13.91,38.97,42.28,37.87,12.54,49.02
2023-08-31,1290.0,25.26,26.94,81.42,11.73,23.75,39.1,68.89,62.32,9.78,35.48,12.806666666666667,37.9,22.89,64.39,9.6,27.15,47.915,55.48,23.7,13.03,19.43,26.0,13.91,38.97,42.28,37.87,12.54,49.02
2023-09-30,1385.0,25.26,27.33,81.42,11.73,23.75,39.1,68.89,62.32,9.78,35.48,12.763333333333334,37.9,22.89,64.76,9.6,27.15,48.394999999999996,55.775000000000006,23.7,13.03,19.43,26.0,13.91,38.97,42.28,37.87,12.54,49.02
2023-10-31,1540.0,25.26,27.69,81.42,11.73,23.75,39.1,68.89,62.32,9.78,35.48,12.72,37.9,22.89,65.12,9.6,27.15,48.88,56.05,23.7,13.03,19.43,26.0,13.91,38.97,42.28,37.87,12.54,49.02
2023-11-30,1580.0,25.26,27.69,81.42,11.73,23.75,39.1,68.89,62.32,9.78,35.48,13.12,37.9,22.89,65.12,9.6,27.15,48.88,56.05,23.7,13.03,19.43,26.0,13.91,38.97,42.28,37.87,12.54,49.02
2023-12-31,1390.0,25.26,27.69,81.42,11.73,23.75,39.1,68.89,62.32,9.78,35.48,13.97,37.9,22.89,65.12,9.6,27.15,48.88,56.05,23.7,13.03,19.43,26.0,13.91,38.97,42.28,37.87,12.54,49.02
